"RegionName","SizeRank","2010-01","2010-02","2010-03","2010-04","2010-05","2010-06","2010-07","2010-08","2010-09","2010-10","2010-11","2010-12","2011-01","2011-02","2011-03","2011-04","2011-05","2011-06","2011-07","2011-08","2011-09","2011-10","2011-11","2011-12","2012-01","2012-02","2012-03","2012-04","2012-05","2012-06","2012-07","2012-08","2012-09","2012-10","2012-11","2012-12","2013-01","2013-02","2013-03","2013-04","2013-05","2013-06","2013-07","2013-08","2013-09","2013-10","2013-11","2013-12","2014-01","2014-02","2014-03","2014-04","2014-05","2014-06","2014-07","2014-08","2014-09","2014-10","2014-11","2014-12","2015-01","2015-02","2015-03","2015-04","2015-05","2015-06","2015-07","2015-08","2015-09","2015-10","2015-11","2015-12","2016-01","2016-02","2016-03","2016-04","2016-05","2016-06","2016-07","2016-08","2016-09","2016-10","2016-11","2016-12","2017-01","2017-02","2017-03","2017-04","2017-05","2017-06","2017-07","2017-08"
"United States",0,,,1500,1500,1500,1550,1500,1500,1400,1395,1395,1400,1400,1400,1400,1495,1495,1495,1450,1450,1400,1375,1375,1395,1397,1400,1450,1400,1400,1450,1450,1400,1400,1395,1400,1400,1400,1400,1450,1500,1500,1500,1500,1495,1450,1400,1400,1400,1400,1395,1375,1390,1455,1495,1495,1495,1475,1450,1425,1425,1450,1450,1495,1500,1500,1540,1535,1550,1500,1500,1500,1500,1500,1500,1575,1595,1595,1550,1550,1550,1500,1550,1550,1500,1500,1500,1550,1600,1600,1600,1600,1600
"New York, NY",1,2000,2000,2250,2499.5,2400,2600,2500,2350,2300,2500,2500,2775,2500,2350,2500,2600,2600,2595,2600,2595,2500,2450,2500,2500,2400,2500,2500,2500,2595,2550,2595,2550,2580,2600,2600,2725,2700,2750,2748,2795,2850,2800,2675,2700,2700,2600,2650,2700,2750,2700,2675,2650,2800,2850,2750,2700,2650,2600,2600,2650,2750,2750,2800,2895,2800,2850,2900,2900,2895,2800,2800,2900,2900,2850,2900,3000,3000,2900,2800,2700,2795,2800,2750,2695,2700,2725,2800,2900,2990,2990,2900,2850
"Los Angeles-Long Beach-Anaheim, CA",2,2175,2495,2399,2450,2500,2500,2700,2800,2600,2500,2500,2500,2495,2450,2400,2495,2500,2500,2500,2495,2400,2395,2300,2300,2300,2350,2300,2295,2325,2350,2300,2250,2300,2200,2150,2100,2150,2200,2150,2199,2200,2200,2195,2050,2300,2400,2300,2450,2400,2400,2400,2400,2500,2550,2600,2600,2625,2600,2600,2650,2650,2600,2650,2750,2795,2800,2800,2850,2800,2800,2800,2800,2800,2850,2900,2850,2800,2885,2850,2795,2850,2750,2900,2750,2850,2950,3000,3000,3100,3100,3100,3095
"Chicago, IL",3,,1500,1500,1500,1500,1500,1550,1500,1500,1550,1575,1600,1500,1500,1500,1550,1550,1585,1600,1595,1575,1550,1500,1500,1500,1500,1550,1500,1500,1550,1550,1550,1500,1500,1500,1500,1500,1500,1500,1500,1550,1550,1575,1595,1595,1600,1579,1600,1595,1550,1550,1550,1600,1650,1650,1650,1650,1650,1600,1600,1600,1609,1625,1650,1650,1650,1650,1665,1650,1600,1625,1600,1600,1633,1650,1650,1650,1650,1650,1649,1600,1600,1600,1600,1600,1600,1620,1650,1675,1695,1700,1695
"Dallas-Fort Worth, TX",4,,1295,1350,1400,1375,1350,1350,1375,1395,1450,1395,1400,1395,1325,1300,1345,1350,1350,1350,1295,1295,1250,1250,1250,1250,1295,1300,1200,1250,1300,1275,1250,1250,1250,1275,1250,1240,1250,1250,1250,1275,1350,1350,1300,1350,1350,1325,1350,1350,1350,1350,1350,1400,1400,1450,1450,1450,1425,1445,1450,1450,1450,1495,1500,1500,1509,1550,1550,1500,1500,1500,1500,1500,1500,1550,1550,1550,1595,1595,1595,1545,1525,1595,1525,1595,1599,1625,1675,1695,1700,1700,1695
"Philadelphia, PA",5,,1497,1495,1465,1500,1500,1500,1500,1500,1475,1500,1500,1400,1400,1400,1450,1450,1450,1495,1475,1450,1400,1400,1400,1375,1400,1400,1400,1400,1400,1400,1400,1350,1375,1350,1350,1300,1350,1350,1400,1400,1400,1392.5,1395,1400,1400,1400,1400,1377.5,1350,1375,1395,1500,1500,1500,1500,1475,1450,1450,1400,1450,1475,1500,1500,1530,1525,1500,1500,1500,1496.5,1495,1450,1465,1499,1500,1550,1550,1500,1500,1500,1500,1425,1475,1425,1450,1450,1500,1540,1550,1550,1550,1500
"Houston, TX",6,,,,,,,,,,,,,,,,,,,,,,,,,,,,,,,,,,,,,,,,,,,,,,,1375,1395,1378.5,1361.5,1399,1450,1500,1550,1568.5,1575,1550,1530,1550,1550,1550,1550,1580,1600,1600,1650,1649,1609.5,1600,1600,1600,1600,1600,1600,1625,1645,1600,1600,1575,1579,1550,1500,1500,1495,1525,1550,1550,1595,1600,1600,1600,1600
"Washington, DC",7,,1650,1695,1750,1750,1800,1900,1875,1800,1800,1800,1800,1800,1800,1800,1800,1895,1900,1900,1896.5,1895,1895,1850,1850,1825,1805,1850,1895,1925,1995,1975,1950,1920,1900,1900,1899,1895,1900,1900,1900,1900,1990,1957.5,1950,1950,1950,1950,1900,1900,1900,1900,1900,1995,2000,2000,2000,1999,1975,1950,1950,1950,1950,1950,1995,2000,2050,2050,2000,2000,1995,1995,1995,1995,1995,2000,2000,2050,2050,2100,2095,2000,2000,1995,1999,2000,2000,2000,2100,2150,2190,2200,2150
"Miami-Fort Lauderdale, FL",8,,,1800,1800,1800,1800,1900,1900,1900,1800,1750,1800,1700,1650,1650,1650,1695,1700,1700,1700,1700,1700,1700,1675,1650,1650,1695,1650,1650,1700,1675,1690,1650,1650,1650,1650,1650,1650,1650,1690,1700,1750,1800,1800,1800,1850,1875,1900,1850,1850,1800,1800,1850,1850,1875,1850,1850,1850,1850,1850,1850,1850,1900,1900,1950,1995,2000,2000,1995,2000,2000,2000,2000,2000,2000,2000,2000,2000,1950,1900,1950,1950,2000,1875,1925,1950,1960,1995,1999,2000,2000,2000
"Atlanta, GA",9,1062,1150,1195,1200,1200,1200,1200,1200,1200,1200,1199.5,1200,1150,1150,1150,1195,1200,1199,1150,1100,1100,1100,1095,1095,1050,1050,1055,1025,1050,1095,1075,1050,1050,1050,1000,1000,1000,995,1000,1025,1095,1075,1095,1050,1095,1095,1075,1100,1095,1075,1090,1095,1100,1100,1100,1125,1125,1125,1149,1100,1100,1125,1150,1200,1200,1225,1219.5,1200,1200,1200,1200,1200,1200,1219,1250,1250,1295,1295,1300,1295,1295,1295,1295,1295,1300,1325,1350,1395,1400,1400,1425,1400
"Boston, MA",10,,,1285,1475,1500,1597.5,1650,1625,1600,1600,1650,1695,1750,1750,1750,1825,1880,1942,1985,1950,1900,1850,1850,1850,1900,1950,2000,2000,2000,2100,2100,2000,2150,2100,2100,2060,2200,2200,2200,2245,2250,2295,2300,2250,2200,2300,2300,2300,2300,2300,2300,2350,2495,2500,2500,2430.5,2400,2350,2300,2400,2500,2500,2500,2500,2500,2500,2500,2500,2450,2400,2400,2475,2600,2600,2600,2575,2500,2550,2500,2500,2500,2443,2400,2450,2500,2600,2600,2650,2600,2600,2600,2600
"San Francisco, CA",11,,2650,2300,2550,2700,2587.5,2700,2500,2200,2200,2195,2250,2100,2100,2100,2200,2200,2200,2250,2250,2250,2250,2250,2179,2100,2195,2300,2050,2000,2150,2100,2081,2150,2100,2100,2090,2100,2095,2099.5,2100,2150,2100,2177,2100,2300,2395,2350,2500,2450,2400,2400,2495,2800,2795,2850,2950,2995,2950,2955,3000,2900,3000,3095,3200,3250,3375,3400,3300,3350,3300,3300,3300,3400,3500,3500,3500,3495,3450,3495,3375,3297,3200,3200,3125,3200,3300,3395,3450,3500,3500,3500,3500
"Detroit, MI",12,,1095,1150,1177,1200,1200,1200,1200,1150,1150,1100,1100,1000,995,1000,1050,1100,1099.5,1100,1100,1000,850,800,850,850,850,850,850,860,850,850,895,875,850,850,850,850,850,850,850,875,850,875,895,900,900,900,900,900,899,899,900,900,900,900,925,900,925,925,925,900,900,920,950,950,950,950,950,950,950,962.5,950,950,950,980,1000,1000,1000,1099,1095,1000,1049.5,1050,1000,1000,995,1000,1050,1070,1100,1100,1100
"Riverside, CA",13,,,,,,,,,,,,,,1835,1800,1850,1850,1795,1695,1650,1600,1600,1600,1600,1595,1600,1600,1500,1500,1500,1500,1500,1500,1525,1550,1518,1550,1550,1550,1550,1599,1550,1550,1580,1600,1617,1595,1600,1600,1595,1575,1550,1685,1695,1650,1695,1698,1650,1650,1700,1700,1700,1700,1768,1750,1795,1795,1795,1795,1795,1795,1800,1800,1800,1800,1850,1795,1750,1775,1750,1737,1775,1850,1750,1795,1819,1850,1900,1925,1950,1950,1950
"Phoenix, AZ",14,,1600,1500,1495,1400,1350,1300,1300,1295,1275,1275,1250,1195,1150,1150,1195,1175,1150,1100,1100,1100,1095,1095,1095,1099,1095,1100,1100,1100,1150,1125,1100,1100,1100,1095,1095,1095,1095,1100,1100,1100,1100,1100,1066,1100,1100,1100,1100,1100,1100,1100,1125,1200,1200,1200,1200,1200,1200,1200,1200,1200,1250,1285,1295,1299,1300,1295,1295,1295,1275,1295,1300,1300,1325,1350,1350,1300,1300,1299,1295,1275,1295,1295,1250,1300,1325,1350,1395,1400,1400,1400,1399
"Seattle, WA",15,1200,1395,1450,1499.5,1500,1595,1600,1650,1595,1595,1550,1499.5,1550,1500,1500,1500,1595,1595,1575,1499,1495,1495,1450,1425,1400,1400,1450,1450,1495,1495,1495,1495,1495,1450,1420,1395,1395,1395,1395,1450,1495,1545,1500,1550,1595,1625,1625,1600,1599,1595,1595,1595,1650,1665,1695,1700,1695,1695,1695,1695,1683,1695,1695,1695,1750,1795,1850,1895,1850,1850,1850,1850,1845,1850,1850,1857,1900,1975,2000,2000,1995,1950,1945,1900,1995,2000,2100,2195,2200,2300,2300,2300
"Minneapolis-St Paul, MN",16,,,,,,,,,1399.5,1399,1400,1450,1300,1350,1350,1395,1375,1350,1350,1350,1350,1350,1300,1295,1295,1300,1300,1295,1300,1345,1300,1300,1375,1375,1300,1350,1350,1325,1350,1350,1350,1350,1300,1300,1350,1395,1400,1399.5,1400,1399,1395,1395,1395,1400,1400,1400,1400,1395,1395,1395,1395,1395,1400,1425,1450,1450,1450,1450,1450,1450,1450,1450,1450,1450,1450,1450,1450,1450,1495,1450,1450,1450,1475,1450,1495,1499,1500,1525,1550,1575,1595,1595
"San Diego, CA",17,,,,,,,,,,2700,2500,2600,2150,2200,2200,2250,2262.5,2250,2195,2100,2100,2100,2050,2035,2000,2000,2000,1900,1895,1995,1995,1995,1995,1995,1995,1950,1950,1900,1900,1950,1995,1999,1995,1900,2150,2195,2175,2200,2200,2150,2150,2120,2240,2250,2250,2295,2300,2300,2300,2300,2300,2350,2295,2295,2295,2300,2300,2300,2300,2305,2350,2362.5,2395,2395,2395,2395,2350,2395,2350,2350,2395,2300,2300,2300,2395,2450,2500,2500,2550,2550,2595,2595
"St. Louis, MO",18,,,,,,,,,,,,,,,,,,,,,,,,,,1025,1000,1000,1000,1050,1000,1000,990,929,925,900,900,900,900,900,900,900,900,950,950,950,950,950,935,900,900,925,950,995,1000,1000,1000,1000,950,950,950,950,950,975,962.5,990,995,950,950,950,950,950,969,975,1000,1000,1000,1050,1050,1050,1000,1000,980,1000,995,995,995,1000,1000,1050,1025,1000
"Tampa, FL",19,,,1150,1200,1200,1150,1150,1200,1200,1200,1200,1200,1150,1150,1150,1150,1150,1150,1150,1150,1100,1100,1100,1100,1100,1100,1100,1099,1100,1100,1100,1101,1100,1100,1100.5,1100,1100,1125,1150,1200,1200,1200,1200,1250,1250,1250,1200,1250,1200,1200,1200,1200,1250,1275,1250,1250,1250,1250,1269,1269,1250,1275,1300,1300,1300,1300,1325,1325,1300,1300,1325,1300,1350,1350,1355,1375,1350,1350,1350,1300,1325,1300,1350,1325,1352.5,1395,1400,1425,1410,1445,1450,1450
"Baltimore, MD",20,,1550,1500,1500,1550,1600,1600,1650,1600,1550,1525,1550,1500,1450,1450,1500,1500,1500,1500,1500,1500,1500,1500,1500,1500,1495,1495,1311,1300,1400,1400,1400,1412.5,1400,1450,1400,1400,1400,1400,1450,1450,1475,1500,1500,1500,1500,1495,1600,1500,1500,1500,1500,1600,1650,1650,1650,1600,1600,1600,1600,1600,1600,1600,1600,1645,1650,1650,1649,1600,1599,1600,1575,1595,1575,1599,1600,1600,1600,1650,1650,1600,1600,1600,1550,1550,1550,1595,1600,1600,1650,1650,1650
"Denver, CO",21,,,,,1672.5,1395,1450,1370,1275,1250,1350,1300,1300,1300,1350,1350,1375,1335,1350,1345,1300,1350,1300,1295,1295,1295,1300,1395,1395,1395,1400,1400,1400,1355,1325,1305,1350,1350,1390,1450,1388,1395,1500,1450,1495,1550,1560,1595,1595,1575,1550,1595,1600,1695,1695,1700,1785,1750,1779,1750,1775,1800,1825,1850,1877,1895,1895,1900,1900,1879,1850,1850,1875,1875,1895,1860,1895,1900,1875,1900,1850,1850,1800,1800,1825,1895,1900,1950,1995,1995,1995,1950
"Pittsburgh, PA",22,,,,,,,,,,,,,,,997.5,1150,1150,1095,995,950,979,900,900,975,1000,985,1050,1050,1100,1100,1000,1100,1000,1000,995,900,975,1095,1100,1200,1150,1200,1150,1047.5,1100,1150,1100,1100,1150,1100,1100,1195,1200,1275,1250,1250,1200,1100,1100,1095,1100,1125,1200,1200,1200,1240,1250,1200,1150,1100,1100,1137.5,1195,1195,1200,1200,1200,1200,1200,1200,1100,1100,1099,1050,1100,1100,1175,1200,1200,1200,1200,1195
"Portland, OR",23,,,,,,1350,1295,1350,1300,1295,1200,1295,1295,1275,1250,1275,1300,1300,1335,1325,1345,1295,1295,1295,1295,1254,1295,1325,1325,1325,1350,1350,1295,1345,1295,1295,1295,1275,1250,1295,1295,1335,1300,1350,1395,1395,1395,1395,1395,1395,1395,1395,1450,1475,1495,1495,1495,1495,1495,1495,1495,1495,1495,1550,1595,1595,1625,1650,1650,1650,1600,1610,1625,1650,1695,1695,1695,1700,1700,1700,1700,1695,1695,1675,1700,1750,1750,1795,1800,1877.5,1895,1875
"Charlotte, NC",24,,,1000,1000,1050,1050,1050,1095,1095,1050,1000,1050,1000,1000,1000,1050,1095,1050,1075,1075,1095,1050,1050,1000,1050,1050,1090,1082.5,1100,1100,1145,1100,1095,1095,1095,1050,1050,1018,1050,1100,1150,1150,1150,1175,1150,1150,1100,1100,1100,1100,1100,1100,1175,1195,1195,1200,1200,1200,1200,1200,1200,1200,1225,1250,1250,1250,1250,1250,1250,1250,1250,1250,1275,1275,1295,1295,1295,1295,1300,1300,1299.5,1295,1300,1275,1325,1350,1400,1425,1425,1408,1450,1425
"Sacramento, CA",25,,,,,,,,,,,,,1250,1250,1250,1295,1325,1300,1295,1300,1295,1295,1275,1275,1250,1250,1295,1295,1295,1295,1300,1300,1300,1300,1295,1295,1295,1295,1295,1295,1300,1295,1295,1295,1295,1350,1325,1350,1350,1350,1350,1375,1395,1375,1395,1395,1400,1450,1425,1420,1450,1425,1445,1443,1450,1450,1495,1495,1495,1500,1525,1500,1525,1525,1525,1495,1547.5,1567.5,1595,1550,1500,1550,1550,1595,1625,1645,1650,1695,1732.5,1795,1795,1795
"San Antonio, TX",26,,,,,,,,,,,,,,,,,,,,,,,,,,,,,,,,,,,,,,925,900,949,929,1037,959,975,1048,1133,1100,1100,1100,1100,1150,1150,1150,1195,1200,1195,1179,1175,1150,1150,1150,1175,1195,1190,1200,1200,1200,1195,1165.5,1175,1195,1192.5,1195,1195,1195,1150,1135,1150,1151.5,1155.5,1125,1130,1150,1100,1200,1233,1250,1275,1300,1335,1325,1321
"Orlando, FL",27,,1150,1100,1150,1100,1000,1050,1150,1150,1108,1100,1095,1050,1000,1095,1100,1100,1099,1095,1070.5,1050,1050,1025,1025,1050,1025,1095,1095,1100,1100,1150,1150,1100,1100,1100,1100,1125,1150,1150,1200,1200,1225,1225,1250,1250,1250,1250,1250,1250,1250,1250,1250,1300,1300,1320,1250,1250,1250,1250,1250,1275,1295,1300,1325,1325,1350,1350,1325,1325,1345,1350,1350,1350,1350,1375,1395,1395,1395,1385,1395,1350,1350,1350,1350,1395,1400,1400,1450,1475,1495,1495,1475
"Cincinnati, OH",28,,,,,,,,,,,,,,,,,,,,,,,,,,,,,,,,,,,,,,,,,,,,,,,,,,,,,,1195,1195,1195,1200,1125,1146,1150,1150,1195,1200,1200,1175,1195,1195,1250,1195,1195,1195,1125,1125,1150,1195,1200,1175,1195,1200,1275,1140,1200,1195,1150,1175,1195,1250,1295,1300,1295,1275,1300
"Kansas City, MO",29,,,,,,,,,,,,,,,,995,995,995,1000,1000,990,990,950,950,950,900,950,1000,950,950,950,925,900,895,875,850,850,850,875,875,875,875,825,822,825,875,850,887.5,895,875,875,895,925,925,925,908,900,900,900,900,900,900,920,925,950,950,975,975,950,950,950,950,950,975,975,995,1000,1025,1062.5,1025,995,1000,1000,1075,1015,1050,1050,1100,1150,1150,1150,1125
"Las Vegas, NV",30,,,1250,1195,1200,1050,1150,1200,1200,1200,1195,1100,1175,1150,1100,1150,1199.5,1195,1195,1195,1150,1150,1100,1125,1100,1100,1100,1100,1100,1100,1100,1100,1100,1100,1100,1099,1100,1100,1100,1100,1100,1100,1145,1150,1150,1150,1150,1150,1150,1150,1150,1150,1195,1195,1200,1200,1200,1200,1200,1200,1200,1200,1200,1245,1200,1200,1250,1250,1250,1250,1250,1250,1250,1250,1250,1250,1250,1295,1200,1250,1245,1250,1295,1250,1275,1300,1325,1350,1350,1350,1350,1350
"Columbus, OH",31,,,,,,,,,,,,,,,,,,,,,,,,,,,,,,,,,,,,,,,,,,,,,,1147,1100,1125,1100,1075,1050,1050,1195,1143.5,1087.5,1100,1150,1175,1100,1125,1150,1150,1200,1125,1197,1200,1200,1172.5,1200,1200,1250,1200,1199,1199,1244,1267,1233.5,1207.5,1231.5,1195,1200,1200,1150,1195,1250,1250,1250,1300,1295,1299,1300,1300
"Indianapolis, IN",32,,,,,,,,,,,,,,995,995,1000,975,950,900,900,850,875,895,895,950,950,912.5,850,850,850,850,900,895,900,870,800,825,850,895,925,975,960,1000,995,1000,995,995,1050,1050,1050,1050,1050,1077.5,1075,1072.5,1075,1050,1050,1050,1050,1050,1050,1095,1100,1100,1100,1095,1095,1080,1059,1050,1025,1025,1050,1100,1100,1150,1100,1150,1100,1095,1087.5,1100,1082.5,1095,1100,1145,1150,1195,1195,1200,1195
"San Jose, CA",33,,,,,,,,,,,,,,2195,2295,2350,2375,2400,2475,2400,2350,2400,2395,2300,2250,2295,2350,2300,2250,2350,2400,2350,2395,2400,2300,2350,2375,2300,2299,2350,2400,2400,2500,2439,2650,2765,2750,2800,2695,2650,2650,2750,2995,3000,3100,3200,3150,3090,3082.5,3000,3000,3150,3200,3200,3395,3500,3500,3500,3500,3495,3400,3300,3395,3495,3450,3400,3500,3500,3500,3400,3300,3289,3200,3200,3250,3300,3395,3450,3500,3600,3600,3500
"Austin, TX",34,,,,,,,,,,,,,,,,,,,,,,,,,,,,,,,,,,,,,,1100,1025,1090,1125,1295,1150,1200,1295,1350,1350,1350,1345,1350,1400,1425,1400,1400,1450,1450,1425,1400,1400,1395,1400,1400,1425,1450,1495,1509.5,1549,1545,1549.5,1550,1549,1500,1505,1525,1500,1450,1450,1500,1500,1500,1450,1424.5,1416.5,1400,1522,1572.5,1600,1650,1650,1650,1650,1601
"Virginia Beach, VA",35,,1295,1295,1300,1350,1350,1385,1395,1350,1350,1300,1350,1300,1300,1300,1350,1395,1395,1350,1350,1300,1300,1295,1295,1295,1295,1300,1299.5,1300,1350,1350,1300,1295,1295,1295,1250,1250,1275,1295,1300,1300,1300,1300,1300,1300,1300,1295,1300,1295,1295,1295,1300,1350,1350,1350,1350,1350,1325,1300,1325,1325,1300,1300,1350,1350,1350,1350,1350,1325,1300,1300,1300,1300,1300,1350,1350,1395,1350,1350,1350,1350,1350,1300,1350,1300,1325,1350,1350,1350,1375,1375,1350
"Nashville, TN",36,,,,,,,,,,,,,,,,,,,,,,,,,,,,,,,,,,,,,,,,,,,1200,1200,1275,1375,1350,1350,1350,1350,1350,1350,1400,1400,1450,1482.5,1450,1450,1450,1450,1450,1450,1475,1495,1500,1500,1500,1525,1500,1499,1500,1500,1500,1500,1550,1549,1545,1575,1569,1550,1500,1500,1500,1495,1550,1595,1600,1600,1649,1650,1625,1600
"Providence, RI",37,,,,,,,,,,,,,,,,,,,,,1500,1500,1450,1500,1500,1500,1500,1500,1500,1500,1500,1500,1500,1500,1500,1500,1500,1500,1500,1500,1400,1400,1350,1275,1350,1500,1500,1550,1500,1500,1500,1550,1650,1600,1600,1600,1595,1550,1550,1595,1650,1750,1750,1800,1800,1650,1650,1600,1600,1650,1650,1700,1800,1800,1800,1800,1650,1612.5,1650,1650,1650,1600,1600,1600,1650,1800,1900,1900,1900,1850,1850,1800
"Milwaukee, WI",38,,,,,,,,,,,,,,,,,,,,1195,1195,1095,1100,1200,1195,1195,1200,1200,1172.5,1150,1200,1250,1275,1350,1300,1250,1050,1047.5,1150,1250,1200,1100,1100,1150,1300,1295,1262.5,1295,1200,1185,1200,1200,1350,1250,1250,1290,1282.5,1250,1212.5,1100,1150,1095,1150,1200,1195,1250,1295,1250,1195,1195,1195,1150,1195,1195,1200,1200,1250,1150,1200,1200,1140,1150,1100,1100,1195,1250,1200,1262.5,1250,1200,1200,1200
"Jacksonville, FL",39,,1050,1050,1050,1095,1100,1100,1100,1095,1095,1075,1095,1050,1050,1095,1095,1100,1100,1100,1050,1050,1050,1045,1049,1050,1050,1050,1050,1095,1095,1095,1100,1095,1075,1050,1050,1050,1075,1095,1100,1125,1150,1100,1150,1150,1150,1150,1150,1150,1150,1150,1150,1195,1195,1195,1150,1150,1150,1125,1145,1150,1150,1150,1175,1195,1195,1199,1200,1200,1199,1200,1199,1200,1200,1250,1250,1250,1250,1250,1250,1250,1200,1200,1212.5,1229,1225,1250,1300,1300,1340,1325,1350
"Memphis, TN",40,,,,,,,,,,,,,,1050,1000,1050,1050,1100,1050,1050,1050,1000,950,967.5,957.5,950,950,950,975,995,950,900,950,950,950,925,895,895,895,895,895,895,895,895,895,900,925,950,950,925,925,950,950,950,950,950,950,950,950,950,950,945,950,950,950,950,975,975,962.5,950,995,975,950,950,980,960,995,995,1000,995,1000,995,995,1000,995,995,995,995,995,995,985,950
"Oklahoma City, OK",41,,,,,,,,,,,,,,,,,,,850,850,975,950,950,995,900,950,950,822.5,825,875,895,925,850,995,1000,900,895,947,1040,950,1095,1095,950,975,1095,1100,1100,1125,1100,1100,1100,1150,1200,1200,1200,1225,1195,1190,1150,1150,1180,1195,1200,1225,1245,1200,1200,1200,1150,1125,1150,1125,1145,1150,1195,1195,1145,1150,1100,1095,1100,1050,1050,1050,1000,1025,1095,1100,1125,1100,1100,1100
"Louisville-Jefferson County, KY",42,,,,,,,,,,,,,,,,,,,,949,875,850,827.5,850,800,800,849,800,800,750,775,800,795,800,850,827.5,825,800,800,800,810,795,795,800,850,895,800,850,825,825,825,850,925,950,950,950,950,925,925,925,950,950,950,995,950,975,995,995,950,950,945,925,950,985,970,950,995,995,1000,995,1000,995,995,1000,1000,1000,1095,1125,1150,1195,1100,1100
"Hartford, CT",43,,,1250,1375,1400,1500,1500,1425,1400,1400,1400,1450,1500,1400,1425,1500,1500,1550,1500,1450,1450,1400,1400,1350,1300,1300,1400,1375,1300,1350,1400,1350,1350,1300,1300,1300,1275,1250,1250,1250,1300,1300,1300,1300,1450,1485,1450,1450,1450,1437.5,1400,1400,1497.5,1500,1500,1500,1500,1500,1500,1500,1500,1500,1500,1500,1450,1500,1500,1500,1495,1495,1425,1405,1400,1450,1450,1450,1495,1450,1500,1495,1450,1500,1495,1500,1495,1475,1450,1450,1450,1500,1500,1500
"Richmond, VA",44,,,995,995,987.5,975,990,975,945,900,900,910,950,950,950,995,1000,1050,1000,1000,995,995,995,1000,995,1000,1050,1050,1095,1100,1100,1050,1000,1000,1004.5,1095,1100,1100,1100,1100,1195,1150,1100,1100,1150,1150,1100,1175,1165,1175,1195,1195,1200,1200,1200,1247.5,1200,1199,1195,1195,1197,1200,1200,1200,1250,1250,1275,1250,1225,1200,1200,1200,1250,1200,1250,1275,1295,1297,1315,1295,1250,1250,1200,1250,1200,1200,1250,1300,1300,1350,1375,1342.5
"New Orleans, LA",45,,1075,1200,1200,1200,1200,1200,1200,1175,1150,1200,1300,1200,1200,1200,1250,1250,1250,1250,1250,1200,1200,1250,1200,1200,1200,1200,1200,1200,1200,1250,1200,1200,1200,1250,1200,1250,1300,1250,1300,1250,1282.5,1200,1200,1200,1295,1225,1300,1250,1250,1250,1250,1325,1300,1300,1350,1350,1319,1300,1350,1300,1275,1350,1400,1362.5,1350,1400,1422.5,1400,1425,1400,1400,1400,1495,1500,1500,1437.5,1350,1400,1350,1350,1300,1300,1350,1300,1400,1400,1450,1450,1450,1450,1450
"Buffalo, NY",46,,,,,,,,1250,1322,1300,1200,1200,1200,1262.5,1150,1197.5,1225,1200,1200,1350,1312.5,1100,1125,1260,1175,1150,956.5,937.5,1000,1035,1060,1005,982.5,1000,1030,1040,1000,850,865,975,950,1100,1000,963,1030,975,999.5,995,945.5,950,950,950,1000,1065,1125,1195,1190,1020,1025,1025,990,1100,1262.5,1285,1232.5,1250,1337.5,1250,1200,1150,1100,1110,1100,1100,1275,1162.5,1195,1220,1100,1200,1200,1075,1100,1100,1200,1200,1250,1300,1250,1250,1275,1300
"Raleigh, NC",47,,,,,,,,,,,,,,1175,1195,1200,1200,1200,1200,1195,1195,1150,1150,1150,1195,1155,1200,1195,1200,1250,1225,1200,1200,1200,1200,1195,1175,1100,1150,1225,1255,1290,1250,1250,1250,1250,1250,1250,1250,1225,1250,1250,1295,1295,1295,1295,1299,1300,1295,1300,1300,1295,1295,1300,1295,1300,1375,1375,1300,1295,1300,1300,1300,1350,1395,1395,1395,1395,1400,1395,1395,1375,1399,1380,1399,1449,1425,1462.5,1495,1495,1475,1450
"Birmingham, AL",48,,,,,,,,,,,,,,,,,,,,,,,,,,,,,750,750,750,785,775,775,800,775,795,795,800,800,800,800,800,800,875,900,800,900,800,799.5,800,825,900,895,950,900,950,900,875,895,895,875,895,895,925,950,950,950,925,947.5,950,925,950,950,950,990,950,1000,1000,995,995,950,950,995,975,1000,995,995,995,977,999.5,995
"Salt Lake City, UT",49,,,,,,,,,,,,,,,,,1250,1295,1250,1200,1200,1195,1195,1155,1150,1100,1100,1185,1150,1195,1195,1200,1245,1250,1250,1275,1200,1200,1250,1250,1195,1199,1195,1200,1250,1295,1295,1275,1295,1295,1295,1295,1295,1300,1320,1300,1300,1300,1295,1300,1295,1300,1325,1350,1325,1335,1350,1300,1300,1350,1387.5,1350,1350,1375,1395,1350,1350,1395,1395,1395,1395,1395,1395,1375,1400,1445,1495,1495,1495,1500,1549.5,1512.5
"Rochester, NY",50,,,,,,,,,,,,,,,,,,,,,,,,,,,,,,,,,,,,,,,,,,,,,,,,,,,,,,1250,1272.5,1225,1200,1195,1175,1150,1150,1200,1262.5,1250,1295,1295,1250,1200,1100,1100,1100,1100,1187.5,1100,1200,1200,1200,1097.5,1200,1250,1200,1100,1150,1200,1200,1200,1200,1250,1250,1200,1299,1250
"Grand Rapids, MI",51,,,,,,,,,,,,,,,,,,,,,,,,,,,,,,,,,,,,,,,,,,,,,,950,935,950,960.5,975,975,975,985,950,962.5,975,1095,1050,1000,975,950,975,1000,1100,1100,1097.5,1097,1050,1095,1195,1100,1025,1000,1095,1175,1200,1190,1200,1199,1150,1175,1192.5,1160,1182.5,1200,1250,1250,1262.5,1350,1335,1300,1275
"Tucson, AZ",52,,,,1150,1150,1150,1170,1200,1150,1100,1150,1150,1095,1095,1095,1100,1123.5,1095,1095,1100,1095,1071,1050,1050,1095,1050,1095,1100,1095,1100,1095,1075,1050,1050,1050,1050,1050,1050,1050,1077.5,1095,1095,1095,1050,1050,1050,1050,1050,1075,1050,1055,1075,1100,1100,1100,1100,1095,1050,1050,1050,1050,1050,1075,1095,1100,1100,1100,1100,1100,1100,1100,1100,1100,1118,1135,1175,1100,1100,1100,1100,1050,1100,1100,1099,1100,1150,1195,1200,1200,1200,1200,1200
"Urban Honolulu, HI",53,,,,,,,,,,,,,,1850,1900,1800,1850,1850,1900,1900,1900,1900,1900,1950,1900,1995,2000,2000,2000,2000,1998,1950,2000,2000,2000,2100,2150,2200,2100,2200,2225,2200,2062.5,2000,2050,2100,2000,2100,2000,2000,2000,2000,2200,2200,2100,2100,2150,2200,2277,2300,2300,2300,2350,2400,2400,2404.5,2400,2397.5,2350,2300,2300,2300,2300,2300,2400,2400,2400,2400,2300,2300,2200,2200,2200,2150,2250,2300,2300,2350,2350,2300,2300,2300
"Tulsa, OK",54,,,,,,,,,,,,,925,900,900,825,875,950,1000,975,975,950,995,995,992.5,975,1000,895,900,950,895,995,965,930,995,950,950,950,950,950,900,950,975,995,995,1050,1050,1050,1025,1050,1035,1050,1150,1195,1200,1200,1195,1150,1100,1150,1100,1100,1150,1150,1200,1200,1200,1150,1150,1100,1100,1050,997,1000,1075,1050,1100,1125,1000,1100,1085,1000,1050,1075,1075,1050,1050,1050,1100,1100,1095,1050
"Fresno, CA",55,,,,,,,,,,,,,,,,,,,,,,,,,,,,,,,,,,,,,,,,,,,,,,,,,1100,1095,1000,1050,900,950,1000,995,1095,995,995,995,995,1025,1000,1000,995,1000,1050,1095,1212.5,1262.5,1250,1200,1125,1100,1150,1100,1195,1195,1150,1195,1195,1200,1200,1250,1200,1200,1250,1262.5,1295,1295,1350,1350
"Worcester, MA",56,,,,,,,,1300,1250,1250,1225,1250,1200,1250,1250,1200,1200,1350,1350,1300,1300,1300,1350,1375,1350,1400,1350,1250,1250,1300,1250,1300,1250,1250,1275,1245,1200,1200,1250,1250,1250,1200,1200,1145,1250,1350,1300,1350,1350,1300,1300,1300,1350,1300,1400,1400,1400,1395,1350,1350,1337.5,1350,1350,1300,1300,1350,1400,1400,1400,1400,1400,1400,1400,1400,1400,1362.5,1475,1400,1400,1400,1400,1400,1400,1400,1450,1400,1400,1450,1450,1450,1500,1500
"Stamford, CT",57,,,,,,,,,,,,,,2150,2200,2535,2600,2650,2500,2400,2400,2250,2200,2200,2200,2200,2300,2250,2200,2400,2350,2350,2400,2250,2300,2100,2100,2050,2100,2100,2150,2200,2200,2200,2400,2500,2400,2400,2250,2300,2200,2200,2400,2500,2500,2500,2400,2400,2450,2400,2350,2400,2400,2400,2500,2500,2500,2500,2500,2425,2400,2395,2350,2450,2500,2500,2500,2500,2500,2400,2400,2400,2250,2300,2250,2250,2350,2400,2500,2500,2500,2450
"Albuquerque, NM",58,,,,,,,,,,,,,990,997.5,1050,1100,1104.5,1150,1200,1195,1162.5,1125,1095,1100,1100,1095,1095,1050,1050,1095,1095,1100,1095,1050,1050,1000,1015,1025,1000,1025,1095,1095,1100,1100,1150,1150,1100,1150,1100,1100,1100,1100,1125,1150,1150,1150,1150,1150,1125,1100,1125,1100,1150,1175,1195,1195,1175,1175,1150,1150,1125,1150,1125,1150,1150,1150,1195,1200,1195,1195,1200,1195,1150,1175,1190,1200,1200,1200,1210,1200,1225,1225
"Albany, NY",59,,,,,,,,,,,,1472.5,1500,1500,1495,1675,1650,1600,1500,1500,1500,1500,1400,1400,1400,1400,1495,1400,1500,1500,1500,1500,1500,1495,1400,1350,1395,1300,1400,1400,1500,1500,1490,1500,1530,1600,1595,1500,1500,1500,1450,1477.5,1595,1600,1600,1625,1600,1500,1500,1500,1515,1550,1600,1595,1622.5,1650,1700,1700,1600,1500,1595,1595,1600,1650,1650,1650,1595,1500,1572.5,1600,1637.5,1500,1597.5,1550,1595,1595,1676,1650,1650,1637.5,1647.5,1600
"New Haven, CT",60,,,,,,,,,,,,,,1400,1500,1500,1550,1600,1575,1550,1500,1500,1450,1400,1300,1300,1325,1400,1350,1400,1400,1400,1350,1350,1300,1300,1275,1300,1300,1300,1400,1400,1400,1400,1500,1500,1500,1500,1500,1450,1450,1450,1500,1500,1500,1500,1500,1500,1500,1500,1495,1450,1500,1500,1500,1500,1500,1500,1500,1475,1450,1450,1400,1400,1450,1495,1500,1450,1450,1495,1482.5,1400,1450,1400,1400,1450,1492.5,1500,1500,1500,1500,1500
"Bakersfield, CA",61,,,,,,,,,,,,,,1250,1200,1000,995,1000,1050,1050,1000,950,950,1000,995,950,975,995,1000,1000,1050,1050,1050,1037.5,1025,1100,1100,1100,1100,1100,1100,1100,1100,1100,1200,1200,1150,1095,1100,1100,1100,1100,1195,1175,1195,1200,1200,1200,1200,1200,1200,1200,1250,1200,1250,1285,1295,1300,1300,1300,1300,1300,1300,1300,1300,1300,1300,1295,1350,1300,1250,1295,1295,1325,1295,1300,1350,1350,1350,1350,1350,1350
"Knoxville, TN",62,,,,,,,,,,,,,,,,,,,,,,,,,,,,,,1050,1100,995,975,945,950,865,850,850,925,900,910,1012.5,1000,950,1000,1050,1000,975,977.5,999.5,1000,1000,995,1050,1097,1125,1150,1100,1050,1000,1000,1000,1050,1000,1100,1050,1200,1100,1047.5,1075,1050,1000,1100,1100,1100,1100,1100,1100,1050,1100,1000,1100,1100,1075,1050,1100,1150,1150,1190,1150,1195,1165
"Greenville, SC",63,,,,,,,,,,,,,,950,950,1095,995,962.5,990,1000,950,975,950,999.5,995,995,1042.5,925,950,962.5,995,925,900,900,925,900,900,899.5,895,900,900,950,950,1095,1225,1250,1195,1200,1195,1100,1125,1150,1200,1200,1250,1250,1225,1200,1250,1275,1295,1300,1300,1325,1300,1295,1250,1295,1250,1250,1200,1195,1200,1200,1250,1200,1295,1295,1200,1250,1250,1195,1145,1177.5,1195,1250,1250,1295,1300,1300,1295,1295
"Ventura, CA",64,,,1997.5,2300,2500,2625,2500,2300,2200,2000,2100,2150,2095,2100,2200,2300,2337.5,2300,2200,2200,2137.5,2200,2150,2172.5,2200,2195,2150,2170,2150,2200,2200,2200,2200,2200,2150,2195,2200,2200,2200,2200,2250,2295,2300,2200,2300,2400,2395,2399,2375,2350,2300,2350,2375,2400,2400,2450,2437.5,2400,2400,2500,2400,2400,2500,2550,2550,2600,2650,2635,2600,2600,2600,2600,2595,2595,2600,2600,2550,2700,2600,2650,2600,2500,2625,2600,2595,2600,2695,2700,2700,2790,2800,2800
"Allentown, PA",65,,1200,1150,1350,1295,1275,1295,1300,1300,1250,1250,1200,1200,1195,1200,1275,1300,1300,1295,1250,1250,1200,1200,1200,1200,1200,1200,1237.5,1200,1275,1295,1275,1200,1200,1200,1200,1200,1200,1250,1250,1250,1250,1200,1200,1250,1250,1250,1250,1250,1250,1250,1250,1350,1350,1350,1350,1300,1300,1300,1295,1295,1300,1350,1350,1325,1375,1375,1360,1300,1300,1300,1295,1295,1250,1295,1325,1325,1295,1275,1350,1300,1300,1275,1250,1300,1320,1350,1400,1400,1400,1400,1350
"El Paso, TX",66,,,,,,,,,,,,,,,,1285,1250,1200,1200,1195,1200,1195,1175,1160,1200,1200,1200,1200,1200,1200,1200,1150,1100,1100,1100,1050,1050,1050,1050,1095,1095,1100,1100,1100,1100,1100,1095,1100,1095,1095,1092.5,1095,1150,1150,1150,1100,1100,1100,1100,1100,1100,1100,1125,1150,1150,1150,1150,1150,1125,1100,1100,1100,1100,1100,1100,1100,1100,1150,1135,1100,1099,1100,1075,1075,1095,1100,1100,1100,1125,1125,1125,1100
"Baton Rouge, LA",67,,,,,,,,,,,,,1000,1175,1200,1295,1200,1100,1150,1100,1100,1100,1100,1150,1150,1150,1200,1195,1150,1200,1100,1050,1200,1100,1100,1050,1100,1100,1100,1100,1100,1100,1097.5,1012.5,1100,1195,1195,1200,1150,1100,1100,1150,1200,1200,1200,1125,1195,1250,1200,1192.5,1200,1197.5,1250,1250,1300,1300,1350,1300,1250,1222.5,1245,1200,1250,1250,1300,1300,1250,1300,1300,1300,1350,1400,1397.5,1400,1395,1400,1400,1450,1400,1400,1400,1400
"Dayton, OH",68,,,,,,,,,,,,,,750,750,764.5,700,750,700,700,675,675,675,714,735,716,750,750,775,750,750,775,750,750,800,725,700,700,725,770,800,825,800,795,845,850,775,850,800,799,800,799,850,850,825,825,850,845,825,835,800,822.5,850,850,875,900,850,850,889,875,875,850,845,825,850,875,850,850,875,875,872.5,850,825,875,867,850,850,895,915,935,915,900
"McAllen, TX",69,,,,,,,,,,,,,,,,,,,,,,,,,,,,,,,,,,,,,,,,,,,,,,,,,,,,,,,,,,,,1500,1500,1500,1350,1387.5,1350,1387.5,1350,1300,1300,1350,1400,1400,1350,1300,1300,1400,1300,1300,1375,1300,1200,1300,1272.5,1300,1325,1285,1200,1275,1250,1200,1200,1200
"Columbia, SC",70,,,,,,,,,,,,,,1000,1050,1095,1100,1062.5,1095,1095,1050,1000,1000,1050,1050,1025,1050,1050,1095,1100,1095,1100,1100,1100,1050,1050,1075,1000,1012.5,1050,1050,1095,1095,1067.5,1100,1100,1100,1150,1100,1075,1050,1050,1095,1100,1095,1175,1100,1050,1090,1095,1100,1100,1150,1150,1150,1150,1150,1150,1100,1100,1100,1100,1125,1150,1150,1150,1100,1100,1100,1150,1100,1120,1100,1100,1050,1095,1100,1100,1150,1199,1175,1160
"Akron, OH",71,,,,,,,,,,,,,,,,,800,800,850,800,800,750,792.5,750,850,850,875,850,912.5,875,900,900,850,850,875,875,795,775,795,767.5,762.5,750,800,800,800,825,800,795,750,800,800,825,875,900,875,885,842.5,850,895,880,895,850,850,862.5,875,900,875,900,900,915,900,850,845,850,875,895,850,900,950,925,850,845,850,850,850,850,860,892,900,900,900,875
"Little Rock, AR",72,,,,,,,,,,,,,,,,,,,,895,900,875,875,900,900,875,900,850,850,950,900,950,900,900,897.5,875,895,875,925,920,895,900,900,900,900,950,900,875,900,900,900,900,995,975,975,950,975,950,950,952.5,975,995,999,995,1000,1000,995,995,995,995,1000,995,995,975,1000,1000,1000,995,995,950,950,975,950,975,950,950,975,975,990,995,995,975
"Stockton, CA",73,,,,,,,,,,,,,,1250,1295,1300,1295,1250,1297.5,1295,1295,1300,1300,1300,1250,1175,1195,1200,1250,1250,1200,1250,1250,1250,1200,1200,1200,1200,1200,1225,1250,1250,1200,1200,1250,1295,1295,1250,1295,1325,1350,1350,1350,1350,1450,1395,1395,1395,1395,1375,1395,1336.5,1395,1395,1395,1395,1450,1450,1450,1450,1450,1450,1495,1495,1450,1495,1495,1500,1500,1595,1595,1600,1600,1595,1675,1650,1680,1745,1725,1795,1795,1800
"Charleston, SC",74,,,1150,1200,1200,1312.5,1300,1250,1197.5,1200,1100,1100,1100,1200,1200,1250,1275,1200,1200,1150,1175,1200,1200,1200,1200,1200,1200,1200,1250,1200,1200,1200,1200,1250,1250,1200,1250,1250,1200,1250,1250,1250,1250,1275,1300,1299,1275,1295,1300,1250,1250,1295,1300,1325,1350,1375,1395,1395,1375,1375,1375,1395,1395,1395,1400,1450,1450,1495,1450,1450,1400,1400,1450,1450,1450,1495,1475,1525,1500,1475,1495,1450,1500,1425,1550,1550,1500,1550,1550,1550,1550,1525
"Syracuse, NY",75,,,,,,,,,,,,,,,,,,,,,,,,,,,,,,,,,,,,,,,,,,,,,,,,,,,,,,,,,,,,,,,,,,1425,1387.5,1450,1250,1300,1300,1300,1350,1350,1492.5,1350,1350,1350,1325,1350,1300,1200,1200,1287.5,1300,1350,1450,1350,1350,1300,1350,1325
"Colorado Springs, CO",76,,,,,,,,,,,,,,1100,1177.5,1200,1250,1250,1200,1200,1195,1195,1162.5,1150,1150,1150,1150,1195,1195,1200,1200,1195,1195,1195,1195,1195,1200,1195,1195,1200,1200,1250,1200,1200,1225,1250,1250,1250,1225,1200,1200,1225,1265,1280,1295,1295,1295,1275,1250,1250,1250,1275,1295,1300,1300,1325,1325,1342.5,1300,1295,1295,1295,1296,1300,1300,1325,1350,1350,1350,1350,1350,1350,1350,1340,1350,1395,1400,1400,1450,1495,1495,1495
"Winston-Salem, NC",77,,,,,,,,,,,,,695,695,695,700,750,750,770,800,795,795,800,795,817.5,875,850,850,799.5,812.5,850,895,875,850,850,850,850,800,825,850,825,950,995,995,995,995,995,995,995,995,995,975,900,950,950,975,950,950,950,947.5,972.5,975,1000,1050,1000,1000,995,995,995,1000,1000,995,999,992.5,995,995,975,990,995,995,975,995,950,1000,1045,995,1050,1030,1050,1095,1095,1095
"Wichita, KS",78,,,,,,,,,,,,,,,,,,,,,,,,850,800,900,975,900,897.5,950,850,900,900,850,900,850,850,825,850,900,855,855,850,795,830,850,750,800,750,750,750,775,800,825,837,850,875,895,900,950,900,900,950,950,997.5,950,950,950,900,900,895,900,910,900,950,950,975,925,900,897.5,875,895,850,875,850,895,925,950,925,900,895,895
"Springfield, MA",79,,,,,,,,,,,,,,,,,,,,,,,,,,,,,,,,,,,,,,,,,,,,,,1300,1150,1300,1300,1200,1200,1145,1225,1397.5,1400,1372.5,1350,1350,1375,1400,1400,1350,1400,1400,1350,1400,1362.5,1350,1300,1400,1400,1300,1375,1400,1495,1400,1300,1400,1400,1400,1480,1400,1465,1400,1375,1450,1437.5,1500,1500,1500,1500,1450
"Boise City, ID",80,,,,,,,,,,,,,,,850,875,850,825,825,849.5,850,825,825,825,825,800,795,825,850,850,850,850,850,850,850,825,825,825,850,850,850,875,875,875,895,900,900,895,900,925,925,950,950,975,950,995,995,995,995,995,995,995,1025,1015,1050,1025,1050,1025,1002.5,1000,995,995,995,1000,1025,1025,1050,1050,1095,1100,1095,1100,1075,1075,1150,1175,1195,1200,1200,1250,1250,1225
"Toledo, OH",81,,,,,,,,,,,,,,,,,,,,,,,650,675,650,650,652,625,621,650,650,650,650,650,650,650,650,650,645,640,663.5,677.5,650,650,725,755,725,750,700,725,725,725,725,701.5,725,725,750,750,750,750,795,795,795,800,800,800,800,847.5,800,795,795,795,750,795,800,800,795,800,800,785,800,750,800,780,800,795,800,825,825,800,825,825
"Madison, WI",82,,,,,,,,,,,,,1177,1177,1295,1200,1250,1400,1395,1200,1285,1350,1455,1395,1395,1295,1362.5,1295,1197.5,1275,1150,1237.5,1235,1300,1330,1395,1270,1295,1295,1250,1225,1175,1095,1100,1150,1295,1425,1350,1350,1350,1362.5,1365,1300,1300,1340,1400,1435,1395,1450,1380,1350,1382.5,1395,1395,1475,1425,1425,1400,1395,1395,1437.5,1400,1350,1385,1385,1395,1417.5,1375,1495,1375,1412.5,1477.5,1500,1395,1495,1500,1500,1495,1525,1510,1500,1510
"Lakeland, FL",83,,,,,,,,,,,,,,,,,,,,,,,,,,,,,,,,,,,,,,,,,,,,,,,,,,,,,,,,,1100,1100,1125,1150,1150,1195,1195,1200,1200,1200,1195,1195,1195,1175,1195,1195,1195,1200,1250,1250,1245,1200,1250,1200,1199,1200,1250,1200,1200,1250,1250,1279,1295,1295,1269.5,1250
"Ogden, UT",84,,,,,,,,,,,,,,,,,1062.5,1112.5,1050,1075,1000,1000,999,1025,999.5,975,950,995,1000,1062.5,1000,1000,1000,1025,1075,1000,1000,1050,1075,1075,1075,1195,1175,1150,1150,1195,1150,1100,1095,1075,1095,1095,1100,1150,1150,1150,1162.5,1135,1150,1150,1165,1200,1200,1250,1225,1200,1162.5,1150,1181,1150,1100,1195,1175,1150,1175,1175,1150,1200,1250,1225,1150,1195,1200,1200,1200,1212.5,1250,1297.5,1250,1350,1395,1400
"Daytona Beach, FL",85,,,,,,,,,,,,,,975,1000,1000,1000,975,950,950,950,950,900,950,950,950,962.5,975,1000,1000,1000,979,995,995,995,975,980,1000,1000,1094,1100,1100,1094,1075,1100,1100,1100,1100,1100,1100,1100,1100,1150,1150,1120,1175,1150,1135,1150,1200,1200,1200,1250,1250,1209.5,1245,1200,1250,1300,1300,1291,1299,1300,1300,1350,1350,1340,1295,1300,1300,1250,1300,1300,1250,1325,1400,1375,1450,1405,1400,1400,1450
"Des Moines, IA",86,,,,,,,,,,,,,,,,,,,,,,,1100,1097.5,1050,1095,1050,975,850,925,995,995,1000,1000,1055,1000,975,1000,1050,1050,995,1000,950,995,1095,1150,1097.5,1100,1100,1075,1095,1100,1195,1200,1150,1200,1185,1185,1100,1150,1100,1100,1145,1145,1145,1145,1145,1145,1145,1145,1145,1145,1145,1145,1145,1145,1145,1145,1195,1150,1190,1200,1145,1100,1150,1150,1200,1195,1245,1250,1239,1200
"Jackson, MS",87,,,,,,,,,,,,,,,,,,,,,,,,,,,,,,,,,,,,,,,,,,,,,,,,,,,,,,,,,,,,,,,,,,,,,,,,,,,,,,1187.5,990,925,955,1095,997.5,1100,950,950,932.5,1000,1050,1050,1100,1050
"Youngstown, OH",88,,,,,,,,,,,,,,,,,,,,,,,,,,,,,,,,,,,,,,,,,,,,,,,,,,,,,,,,,,,,,,,,,,,,,550,575,637.5,625,650,650,675,695,650,695,650,675,650,700,700,700,697.5,700,700,700,725,750,750,725
"Augusta, GA",89,,,,,,,,,,,,,995,850,1000,950,1000,1035,1100,1050,950,950,970,950,949.5,900,950,900,900,950,850,900,900,900,908,900,900,900,900,950,995,975,950,995,995,995,975,995,995,975,950,975,1000,1000,950,950,975,950,950,1025,1000,1050,1062.5,1095,1095,1100,1100,1012.5,1000,1025,1000,1000,995,1025,1050,1050,1095,1100,1100,1050,975,1000,995,995,995,1000,1050,1100,1100,1100,1095,1095
"Scranton, PA",90,,,,,,,,,,,,,,,,,,,,,900,822.5,850,850,800,800,817.5,775,725,725,750,750,750,850,812.5,875,1000,925,795,795,850,825,795,850,850,865,850,875,875,882.5,895,895,950,950,1000,1100,962.5,892.5,850,875,875,950,975,1000,950,1000,1000,925,897.5,875,875,900,900,900,900,950,900,850,850,900,975,900,865,950,900,900,950,900,950,975,1000,1000
"Harrisburg, PA",91,,,,,,,,,,,,,950,895,862.5,850,795,800,800,895,850,800,870,872.5,900,887.5,877.5,875,850,850,800,850,850,830,850,835,900,900,900,895,900,900,945,910,965,1000,1025,1025,1000,1000,1025,1050,1050,1025,1000,1095,1100,1100,1125,1150,1125,1100,1135,1150,1175,1175,1175,1150,1180,1150,1095,1095,1050,1085,1100,1150,1150,1175,1175,1100,1150,1145,1147.5,1190,1150,1175,1195,1200,1250,1200,1195,1200
"Melbourne, FL",92,,1000,950,900,950,950,1000,1025,980,950,925,925,950,950,950,975,975,950,950,950,950,950,975,975,950,975,1000,1000,1000,1000,1000,1000,1000,1050,1037.5,1075,1025,1000,1000,1100,1075,1095,1100,1100,1100,1100,1095,1100,1075,1075,1100,1100,1100,1150,1195,1155,1200,1195,1175,1175,1200,1175,1200,1250,1250,1250,1200,1200,1225,1250,1275,1250,1295,1300,1350,1300,1300,1275,1300,1300,1250,1250,1350,1300,1300,1350,1400,1400,1400,1450,1450,1450
"Chattanooga, TN",93,,,,,,,,,,,,,,,,,912.5,850,862.5,862.5,850,875,885,975,1000,1000,975,962.5,997.5,1100,1200,1195,1125,1200,1200,1100,1100,1097.5,1010,1050,1050,1025,1050,1050,1037.5,1137.5,1100,1125,1100,1025,1075,1100,1200,1200,1197.5,1200,1250,1250,1200,1197.5,1185,1200,1197.5,1100,1195,1162.5,1150,1100,1150,1256,1125,1100,1250,1200,1250,1295,1225,1172.5,1150,1195,1150,1100,1295,1195,1150,1195,1250,1250,1250,1295,1250,1250
"Spokane, WA",94,,,,,,,,,,,,,985,895,870,950,950,900,925,925,900,900,895,850,850,895,925,995,995,925,937.5,950,995,975,985,950,875,850,900,945,950,962.5,945,895,900,995,995,975,950,950,967,975,962.5,1000,1050,1000,1000,995,985,962.5,975,975,1047.5,1095,1100,1095,1020,995,1047.5,1025,995,995,995,995,1095,1150,1097.5,1095,1095,1095,1050,1050,1050,995,1095,1100,1050,1200,1200,1245,1200,1250
"Provo, UT",95,,,,,,,,,,,,,,1100,1150,1000,1155,1200,1195,1195,1200,1195,1190,1195,1200,1200,1100,1147.5,1125,1100,1085,1095,1160,1200,1195,1137.5,1125,1197.5,1150,1150,1200,1200,1300,1300,1350,1300,1295,1275,1210,1200,1200,1125,1100,1071.5,1095,1200,1299,1295,1250,1250,1225,1195,1150,1160,1175,1175,1200,1200,1225,1217.5,1185,1225,1175,1150,1100,1195,1225,1200,1200,1250,1300,1325,1295,1295,1295,1250,1300,1300,1295,1300,1345,1365
"Lancaster, PA",96,,,,,,,,,,,,,995,995,995,1012.5,985,995,995,952.5,995,912.5,952.5,920,867.5,885,900,925,995,1000,1100,975,950,975,995,995,977.5,977.5,1050,1000,975,950,925,875,895,995,1050,995,970,995,995,995,1050,1025,1050,1050,1095,1049,1049,995,995,995,995,995,1050,1097.5,1100,1050,1050,1060,1100,1050,1100,1100,1100,1095,1095,1100,1150,1100,1150,1100,1097.5,1095,1100,1100,1100,1125,1100,1100,1105,1150
"Modesto, CA",97,,,,,,,,,,,,,1025,1045,1050,1045,1050,1045,1050,1045,1050,1095,1050,1050,1025,1050,1035,1025,1050,1062.5,1075,1095,1095,1095,1095,1050,1050,1050,1000,1000,995,995,995,995,1050,1055,1050,1095,1095,1095,1095,1100,1150,1125,1125,1155,1150,1150,1150,1175,1200,1195,1195,1195,1250,1250,1249,1250,1250,1250,1250,1250,1250,1245,1250,1245,1287.5,1300,1350,1312.5,1300,1350,1325,1295,1350,1395,1395,1450,1475,1450,1450,1495
"Portland, ME",98,,,,,,,,,,,,,,1200,1200,1200,1325,1450,1450,1400,1395,1299.5,1250,1400,1425,1400,1400,1350,1472.5,1500,1500,1500,1400,1400,1425,1450,1400,1400,1350,1200,1300,1262.5,1250,1200,1300,1350,1400,1300,1250,1300,1300,1300,1525,1685,1712.5,1600,1600,1597.5,1600,1600,1600,1700,1800,1700,1800,1795,1650,1700,1800,1700,1662.5,1650,1597.5,1650,1675,1700,1750,1650,1650,1650,1700,1700,1700,1650,1650,1900,1990,2000,2000,2000,2000,2000
"Durham, NC",99,,1197.5,1112.5,1250,1297.5,1295,1295,1275,1250,1300,1415,1300,1175,1177.5,1137.5,1200,1150,1150,1195,1195,1150,1100,1050,1062.5,1050,1000,1095,1000,1050,1100,1142.5,1100,1100,1100,1095,1000,1050,971,1050,1150,1175,1150,1150,1150,1200,1200,1200,1200,1200,1200,1200,1200,1275,1275,1275,1295,1295,1295,1300,1295,1300,1300,1325,1350,1350,1338,1340,1300,1275,1250,1300,1295,1275,1325,1350,1350,1350,1300,1350,1350,1300,1350,1395,1250,1375,1395,1400,1400,1400,1400,1400,1395
"Santa Rosa, CA",100,,,,,,,,,,,,,1595,1595,1500,1600,1695,1700,1695,1675,1600,1625,1650,1650,1650,1650,1650,1650,1675,1750,1700,1695,1700,1700,1700,1700,1800,1725,1650,1725,1700,1695,1700,1695,1795,1850,1925,1925,1950,1850,1850,1850,1800,1895,1900,1900,1937.5,1975,2091.5,2000,1997.5,2050,2100,2200,2300,2250,2300,2250,2300,2300,2300,2300,2300,2300,2300,2200,2400,2200,2350,2175,2300,2325,2362.5,2350,2400,2400,2500,2500,2600,2600,2500,2500
"Lexington, KY",101,,,,,,,,,,,,,,,,,,,,,,,,,,,,,,,,,,1000,995,950,950,949.5,950,950,999,1035,1000,1054.5,1087.5,1049,995,985,986,995,995,989,1050,1039,1039,1050,1095,1050,1099,1095,1050,1099,1100,1150,1195,1100,1100,1100,1100,1100,1099.5,1095,1097.5,1100,1100,1125,1150,1195,1125,1114.5,1100,1100,1100,1100,1100,1100,1150,1195,1200,1200,1200,1195
"Lafayette, LA",102,,,,,,,,,,,,,,,,,,,,,,,,,,,,,,,,,,,,,,,,,,,,1275,1325,1200,1325,1325,1295,1200,1200,1200,1200,1275,1350,1400,1250,1350,1345,1200,1250,1300,1350,1275,1200,1329.5,1350,1325,1312.5,1295,1300,1295,1275,1250,1250,1200,1300,1200,1150,1200,1200,1200,1280,1250,1200,1200,1250,1250,1250,1250,1222.5,1250
"Lansing, MI",103,,,,,,,,,,,,,,,,,,850,875,845,745,695,695,695,695,675,659,675,688,695,725,700,725,707.5,700,700,695,750,736.5,743,750,750,750,750,750,795,770,750,750,750,750,750,800,795,795,775,795,790,750,775,787.5,795,800,800,795,800,795,775,797.5,795,775,750,750,795,800,795,799.5,800,850,800,787.5,850,820,800,845,800,850,879,892.5,875,875,875
"Fayetteville, AR",104,,862.5,900,850,850,900,897.5,875,850,850,895,875,850,850,850,850,875,900,875,850,897.5,900,850,875,850,850,900,875,850,900,950,950,950,995,1000,950,950,950,900,995,1050,1000,1100,997.5,950,1010,1050,1100,1100,1075,1050,1050,1150,1125,1100,1100,1095,1100,1100,1100,1150,1200,1200,1200,1200,1200,1175,1195,1200,1200,1200,1200,1200,1225,1262.5,1250,1200,1200,1185,1200,1150,1150,1200,1122.5,1175,1250,1295,1300,1295,1250,1300,1250
"Pensacola, FL",105,,,900,895,850,850,950,950,950,995,997.5,950,950,895,895,900,900,900,895,895,875,875,875,875,875,875,875,875,895,900,895,895,895,875,875,875,900,900,900,900,925,925,950,975,995,995,950,950,950,950,975,975,995,995,1000,1025,1050,1050,1050,1050,1050,1000,1000,1050,1075,1060,1075,1095,1095,1050,1050,1050,1050,1050,1100,1100,1095,1100,1125,1050,1050,1050,1095,1050,1075,1095,1095,1100,1100,1100,1150,1155
"Visalia, CA",106,,,,,,,,,,,,,,,,,,,,,,1250,1250,1150,1275,1225,1125,1100,1150,1095,1150,1125,1095,1037.5,1037.5,1000,1025,995,1050,1072.5,1095,1050,1050,1000,1050,1100,1050,1000,1100,1100,1100,1100,1095,1095,1050,1062.5,1095,1050,1062.5,1100,1100,1100,1150,1195,1195,1100,1150,1150,1195,1150,1150,1150,1162.5,1150,1175,1095,1100,1095,1100,1150,1150,1100,1200,1150,1200,1195,1200,1195,1195,1195,1200,1250
"Shreveport, LA",107,,,,,,,,,,,,,,,,,,,,,,,,,,,,,,,,,,,,,,,,,,900,800,795,900,1050,1000,1100,1000,1050,1075,1050,1000,950,950,995,950,1000,1000,950,1000,950,1049,1195,1200,1100,1000,1100,1000,995,1000,1000,995,950,1100,1100,1100,1050,1000,1000,1000,975,912.5,950,900,850,895,900,950,950,950,950
"Springfield, MO",108,,,,,,,,,,,,,695,695,747.5,750,785,750,750,750,750,700,695,650,625,650,650,675,695,695,700,750,745,712.5,695,695,700,650,650,650,650,695,695,675,650,700,700,625,650,650,650,650,675,697.5,725,725,725,695,675,650,695,695,695,650,695,650,650,650,675,675,625,617.5,625,650,650,650,750,750,695,735,695,650,650,750,675,650,675,675,650,682.5,695,725
"York, PA",109,,,,,,,,,,,,,,,1150,1200,1212.5,1100,1100,1100,1200,1150,1095,1100,1100,1200,1172.5,1172.5,1097.5,1062.5,1075,1145,1095,1112.5,1150,1125,1150,1175,1097.5,1092.5,1150,1100,1100,1037.5,1095,1127.5,1107.5,1095,1095,1095,995,995,1095,1095,1095,1050,1050,1095,1000,1000,972.5,995,1095,1125,1100,1050,1095,1095,1050,1095,1065,1095,1035,1000,1050,1000,1100,1100,1057.5,1100,1050,1195,1100,1200,1100,1050,1095,1100,1100,1097.5,1095,1100
"Corpus Christi, TX",110,,,,,,,,,,,,,,,,,,,,,,1237.5,1200,1200,1200,1200,1200,1299.5,1200,1100,1200,1250,1200,1095,1250,1195,1250,1300,1350,1300,1300,1350,1375,1400,1450,1495,1500,1500,1562.5,1500,1500,1500,1500,1550,1525,1500,1500,1500,1512.5,1500,1500,1550,1595,1600,1600,1562.5,1500,1525,1500,1495,1450,1437.5,1500,1450,1500,1595,1562.5,1575,1600,1550,1500,1550,1450,1400,1477.5,1495,1475,1475,1450,1450,1500,1500
"Flint, MI",111,,,,,,,,,,,,,,,,,,,,,,,,,,,,,,,,,,,,,,,,,,,,,,,,,,,,,,,,,,,,,,,,,,,,,,,,650,650,650,675,675,662.5,650,695,700,677.5,700,700,749,725,700,700,700,700,700,730,700
"Reno, NV",112,,,,,,,,,,,,,1150,1160,1150,1150,1150,1195,1200,1195,1150,1150,1150,1150,1125,1150,1150,1100,1195,1195,1199,1195,1195,1195,1165,1125,1150,1150,1150,1125,1150,1150,1175,1195,1200,1237.5,1225,1250,1275,1250,1275,1250,1250,1295,1300,1350,1300,1350,1350,1300,1350,1350,1375,1395,1400,1400,1400,1395,1395,1395,1400,1395,1395,1412.5,1450,1450,1425,1450,1450,1500,1450,1500,1480,1450,1495,1495,1525,1595,1600,1650,1695,1650
"Asheville, NC",113,,,,,,,,,,,,,,,,,,,,,,1000,1050,1050,1000,1000,995,997.5,1050,1050,995,1095,1050,1040,1000,1000,995,1000,995,995,995,995,995,960,995,995,1000,1000,1100,1100,1100,1100,1175,1195,1150,1150,1100,1100,1195,1150,1100,1125,1195,1195,1200,1262.5,1295,1250,1285,1295,1250,1250,1300,1300,1262.5,1250,1275,1295,1300,1275,1312.5,1295,1300,1200,1295,1300,1300,1337.5,1362.5,1395,1400,1400
"Port St. Lucie, FL",114,900,1000,1000,975,1050,1075,1000,1000,1100,1050,1050,1100,1075,1100,1100,1150,1100,1150,1200,1200,1200,1200,1200,1200,1200,1212.5,1200,1200,1200,1200,1200,1200,1200,1200,1200,1200,1200,1200,1200,1250,1225,1250,1250,1250,1300,1300,1300,1300,1300,1300,1300,1300,1390,1350,1350,1350,1375,1395,1350,1350,1350,1350,1395,1400,1400,1400,1400,1450,1495,1475,1500,1500,1500,1500,1500,1500,1450,1475,1500,1450,1450,1400,1595,1450,1500,1500,1500,1599,1600,1600,1650,1650
"Santa Maria-Santa Barbara, CA",115,,,,,,,,,,,,,,,,,,,,,,,,,,,,,,,,,,,,,,,,,,,,,,,,,,,,,,,,,,,,,,,,,,,,3000,2800,2600,2525,2975,3000,3400,3500,3500,3300,3325,3250,3000,2885,2897.5,2795,2900,2750,3200,3750,3750,3800,3700,3600,3650
"Fort Wayne, IN",116,,,,,,,,,,,,,,,,,,,,,,,,,,,,,,,,850,850,900,850,775,750,699,650,650,625,607.5,600,625,650,695,615,600,600,625,620,625,642.5,675,650,625,600,642.5,600,595,599.5,600,615,635,645,662.5,650,645,640,665,650,650,650,650,675,650,675,645,650,695,650,600,675,650,625,625,650,650,675,675,705,675
"Salinas, CA",117,,,,,,,,,,,,,1997.5,1825,1795,1900,1800,1847.5,1817.5,1800,1625,1700,1700,1750,1600,1575,1600,1650,1700,1672.5,1680,1725,1695,1600,1650,1584.5,1595,1695,1775,1695,1700,1695,1650,1695,1850,1960,1950,1950,1925,1895,1895,1950,2100,1950,2000,2060,2200,2250,2200,2250,2150,2200,2197.5,2195,2197.5,2100,2100,2200,2100,2175,2250,2275,2300,2390,2450,2300,2400,2495,2450,2297.5,2300,2497.5,2300,2424.5,2500,2480,2462.5,2500,2550,2600,2800,2800
"Vallejo, CA",118,,,,,,,,,,,,,1490,1450,1425,1495,1450,1425,1485,1500,1495,1500,1500,1500,1500,1500,1525,1495,1500,1550,1550,1550,1550,1550,1550,1509,1550,1525,1550,1550,1550,1500,1500,1525,1595,1595,1550,1550,1595,1599,1595,1595,1600,1622,1650,1669,1685,1695,1725,1700,1732,1695,1662.5,1759,1750,1799,1850,1821,1800,1800,1800,1850,1850,1850,1850,1800,1795,1800,1850,1895,1700,1800,1800,1813,1895,1950,1950,1962.5,2000,2095,2085,2080
"Mobile, AL",119,,,,,,,,,,,,,,,,,,,,,,,,,,,,,750,750,750,750,750,750,775,750,750,750,745,750,750,750,750,750,825,800,750,825,750,750,750,750,850,850,850,800,800,837.5,800,850,800,800,850,850,895,895,875,895,850,875,850,850,850,850,850,900,850,950,950,900,872.5,877,895,875,875,895,900,938.5,950,950,950,925
"Reading, PA",120,,,,,,,,,,,,,1225,1200,1200,1250,1300,1275,1172.5,1275,1200,1200,1200,1050,1050,1050,1050,1150,1050,1087.5,1100,1100,1100,997.5,995,990,1000,1025,900,975,995,985,950,1000,1000,1050,995,985,995,975,975,975,975,997.5,1095,1095,1050,1100,1100,1100,1100,1095,1050,1100,1100,1200,1200,1095,1050,1100,1100,1150,1100,1085,1075,1000,1150,1100,1100,1150,1100,1150,1200,1100,1100,1112.5,1100,1200,1200,1100,1050,1150
"Brownsville, TX",121,,,,,,,,,,,,,,,,,,,,,,,,,,,,,,,,,,,,,,,,,,,,,,,,,,,,,,,,,,,,,,,,1200,1050,1100,1100,1100,1200,1100,1150,1150,1200,1125,1200,1150,1100,1000,1100,1050,1000,1000,1050,1100,1100,1182.5,1100,1100,1150,1100,1100,1150
"Killeen, TX",122,,,,,,,,,,,,,975,900,900,995,1000,975,850,875,850,870,855,850,850,875,900,925,975,950,995,995,995,950,925,950,950,922.5,934.5,925,945,950,925,925,950,950,950,950,950,950,950,950,995,995,995,995,950,975,975,980,995,975,995,995,995,995,995,975,975,950,950,950,950,950,950,975,995,995,995,995,975,950,995,975,977.5,995,995,1000,1050,1050,1000,1000
"Canton, OH",123,,,,,,,,,,,,,,,,,,530,595,605,650,625,625,625,615,642.5,650,600,600,625,625,625,650,650,650,650,625,625,650,616.5,625,650,600,650,650,650,650,700,697,675,675,675,700,750,700,795,750,725,675,650,695,697.5,675,700,795,900,777.5,750,695,695,700,750,750,750,800,800,775,729,750,725,725,700,700,700,700,725,795,800,745,750,750,750
"Beaumont, TX",124,,,,,,,,,,,,,,,,,,,,,,,,,,,,,700,750,725,750,725,725,675,697.5,700,695,700,700,700,725,725,750,800,800,795,850,850,800,800,815.5,850,895,862.5,850,875,895,850,895,900,897.5,895,895,900,897.5,900,925,950,950,995,985,950,950,950,950,895,900,950,997,947.5,1100,1000,1000,985,1095,1000,1042.5,1100,1100,1095,1095
"Manchester, NH",125,,,,,,,,,,,,,,,,,,,1300,1397.5,1350,1350,1300,1395,1297.5,1300,1200,1225,1250,1300,1300,1372.5,1295,1340,1350,1395,1300,1250,1212.5,1250,1250,1400,1250,1250,1300,1400,1400,1395,1320,1350,1350,1350,1400,1400,1525,1497.5,1395,1400,1400,1400,1400,1350,1350,1385,1425,1550,1600,1595,1500,1600,1600,1600,1550,1550,1425,1462.5,1445,1650,1650,1495,1595,1500,1450,1425,1412.5,1440,1449.5,1496.5,1600,1750,1700,1597.5
"Salem, OR",126,,,,,,,,,,,,,,800,830,825,850,875,900,895,895,897.5,875,887.5,895,880,875,950,910,950,975,975,925,975,975,975,950,950,950,925,925,950,875,850,950,1000,1000,1000,1050,1012.5,999,1000,1050,1050,1095,1125,1125,1195,1195,1125,1157.5,1095,1097.5,1170,1197.5,1197.5,1272.5,1295,1200,1225,1195,1200,1222.5,1262.5,1250,1200,1195,1197.5,1350,1250,1250,1325,1200,1200,1295,1312.5,1350,1350,1395,1395,1400,1450
"Anchorage, AK",127,,,,,,,,,,,,,,1600,1600,1600,1500,1600,1695,1650,1695,1632.5,1600,1600,1650,1600,1600,1500,1595,1600,1600,1500,1500,1525,1700,1692.5,1600,1600,1640,1650,1600,1650,1650,1650,1650,1700,1700,1600,1670,1600,1600,1600,1690,1782.5,1800,1800,1800,1800,1745,1725,1700,1650,1650,1690,1750,1750,1750,1750,1700,1750,1790,1750,1700,1700,1700,1790,1700,1695,1700,1700,1690,1600,1600,1600,1600,1550,1500,1540,1585,1600,1600,1590
"Davenport, IL",128,,,,,,,,,,,,,,,,,,,,,,,,,,,,,,,,,,,,,,,,,,,,,,,,,,,,,,,,,,,,,,,,,,,,,,,,875,875,850,875,897.5,875,850,900,950,900,925,895,895,950,975,995,980,1000,1000,995,995
"Peoria, IL",129,,,,,,,,,,,,,,,,,,,,,,,,,,,,,,,,,,,,,,,,,,,,,,,,,,,,,,,,,775,800,787.5,800,800,785,785,910,915,800,775,850,797.5,850,837.5,825,850,825,875,887.5,895,850,850,850,850,850,825,862.5,800,797,840,875,862.5,900,896,875
"Myrtle Beach, SC",130,,,,,,,,,,,,,,900,900,975,975,962.5,999,995,950,950,925,950,925,900,925,950,950,995,1000,1000,995,985,995,975,950,950,950,995,995,995,1000,1000,1000,1000,1050,1000,1025,1000,1000,1050,1050,1095,1050,1100,1100,1100,1050,1100,1075,1100,1200,1200,1175,1185,1175,1200,1150,1150,1095,1100,1100,1100,1195,1162.5,1150,1100,1195,1150,1200,1162.5,1150,1100,1150,1200,1200,1300,1300,1295,1350,1300
"Montgomery, AL",131,,,,,,,,,,,,,,,,,,,,,,,,,,,,,750,750,750,750,750,750,750,750,750,750,750,795,769,775,760,750,797,795,775,785,761.5,761.5,775,795,895,875,900,850,850,850,850,850,850,850,875,900,950,950,895,875,875,875,875,875,865,875,950,900,950,950,905,895,850,850,900,865,875,899.5,925,900,925,900,900,900
"Salisbury, MD",132,,,,,,,,,,,,,,,,,,,1450,1400,1400,1250,1150,1350,1350,1125,1125,1150,1300,1300,1300,1225,1200,1200,1200,1100,1050,1100,1100,1200,1300,1300,1350,1300,1200,1172.5,1150,1150,1100,1150,1200,1200,1300,1250,1250,1200,1200,1185,1180,1175,1150,1200,1250,1200,1250,1250,1250,1250,1200,1200,1200,1200,1200,1200,1250,1275,1275,1260,1252.5,1200,1200,1250,1200,1200,1200,1200,1250,1300,1262.5,1275,1250,1250
"Gulfport, MS",133,,,,,,,,,,,,,750,750,850,897.5,950,900,890,850,885,862.5,850,900,900,895,895,900,897,900,900,850,890,885,850,950,950,950,950,950,912.5,900,900,875,900,895,895,900,900,895,900,900,950,1000,950,975,995,950,975,950,900,900,975,950,1000,995,1000,1000,995,950,950,950,900,900,975,1000,1000,1000,1000,975,975,1000,1000,995,995,950,1000,982.5,1000,1000,975,977.5
"Tallahassee, FL",134,,,,,,,,,,,,,,995,982.5,950,950,912.5,925,950,950,950,950,900,895,900,900,950,950,907.5,900,900,882.5,875,895,850,850,900,900,950,925,925,900,899,900,900,900,900,950,950,950,950,975,950,950,925,900,900,925,950,950,950,999.5,995,975,975,975,950,950,900,907.5,925,975,995,995,990,975,950,950,975,950,950,990,962.5,1000,1017.5,1000,1000,999,975,975,1000
"Trenton, NJ",135,,,1600,1875,1800,1800,1800,2000,1800,1700,1700,1700,1650,1650,1650,1700,1700,1800,1800,1650,1675,1600,1600,1600,1650,1600,1650,1700,1750,1800,1800,1800,1800,1800,1750,1790,1770,1750,1650,1615,1700,1800,1800,1762.5,1800,1800,1800,1750,1700,1700,1700,1700,1750,1800,1795,1750,1700,1650,1650,1600,1650,1650,1700,1750,1750,1750,1797.5,1800,1700,1750,1750,1700,1650,1700,1800,1800,1800,1850,1737.5,1800,1650,1725,1750,1600,1695,1650,1700,1750,1800,1850,1800,1800
"Fayetteville, NC",136,,,,,,,,,,,,,775,850,900,900,985,995,950,950,900,900,900,900,900,900,900,950,925,918,925,900,875,850,850,850,899,900,919,919,939,925,950,925,900,912.5,900,900,900,900,900,895,900,950,950,900,900,900,900,900,925,900,900,900,900,925,900,900,895,900,900,900,900,900,900,950,917.5,900,950,950,950,925,950,950,925,900,950,925,950,950,950,950
"Eugene, OR",137,,,,,,,,,,,,,,1012.5,950,995,1000,1100,1100,1095,995,995,995,985,979.5,989.5,995,995,1050,1037.5,1095,1045,1095,1000,995,990,950,975,995,995,995,1045,1025,995,1000,1007.5,1050,1045,1000,1000,1000,1045,1125,1125,1150,1150,1195,1195,1145,1097.5,1095,1195,1150,1125,1150,1175,1175,1195,1150,1145,1095,1150,1150,1195,1200,1195,1250,1197.5,1200,1200,1195,1200,1250,1195,1295,1350,1300,1395,1395,1295,1395,1395
"Rockford, IL",138,,,,,,,,,,,,,,,,,,,,,1025,900,875,900,875,850,887.5,950,872.5,875,912.5,925,1012.5,885,850,795,795,850,897.5,850,900,1000,1000,865,900,900,865,870,950,950,950,950,975,900,900,925,900,900,930,897.5,897.5,975,995,945,975,1050,980,950,925,950,850,850,850,800,850,850,875,895,950,985,925,900,900,947.5,925,900,915,950,950,995,985,975
"Savannah, GA",139,,,,,,,,,,,,,,1100,1150,1200,1175,1150,1100,1150,1150,1100,1150,1100,1100,1100,1150,1195,1200,1200,1200,1195,1150,1150,1162.5,1150,1112.5,1100,1150,1200,1200,1175,1150,1150,1150,1150,1200,1200,1185,1175,1175,1200,1250,1250,1250,1250,1250,1250,1250,1225,1225,1225,1250,1300,1300,1300,1295,1300,1250,1250,1225,1225,1225,1250,1250,1285,1275,1300,1275,1262.5,1237.5,1200,1250,1250,1285,1250,1300,1350,1375,1350,1355,1375
"Ocala, FL",140,,,925,900,900,825,800,850,850,900,950,900,800,800,825,850,850,850,850,850,850,800,807.5,800,795,800,825,825,850,850,825,825,850,850,825,850,800,800,850,850,850,850,850,850,825,850,850,850,850,850,850,850,895,900,900,885,895,900,897.5,900,895,875,895,950,975,975,950,950,950,950,950,950,950,950,962.5,950,950,975,975,912.5,950,950,950,975,950,1000,1050,1150,1100,1100,1100,1100
"South Bend, IN",141,,,,,,,,,,,,,663.5,663.5,650,650,657.5,650,650,650,650,650,650,650,650,700,650,650,628,650,650,650,640.5,625,625,625,611,625,625,650,650,650,650,625,650,650,650,650,650,650,650,650,675,675,675,700,685,680,665,650,675,650,700,700,692,677.5,675,675,675,700,675,675,700,700,740,755,750,725,745,737.5,725,700,750,712.5,750,750,750,750,775,750,775,800
"Spartanburg, SC",142,,,,,,,,,,,,,,,,,,,,,,,,,,,,,,,,,,,,,,,,,,,,,1112.5,1137.5,1100,1000,975,950,900,950,997.5,962.5,895,975,895,900,900,1012.5,1000,1100,1085,1150,1100,950,962.5,1000,975,995,962.5,950,950,995,975,1000,1025,1100,1037.5,1050,962.5,1025,1050,1025,995,997.5,1050,1050,1050,1100,1100,1050
"Evansville, IN",143,,,,,,,,,,,,,,,,,,,,,,,,,,,,,,,,,,,,,,,,,,,,,,,,,,,,,,,,,835,732.5,797.5,700,707.5,715,775,795,825,875,850,775,750,750,775,675,695,695,750,750,775,750,762.5,797.5,750,675,725,750,725,750,750,750,725,750,750,750
"Kingsport, TN",144,,,,,,,,,,,,,,,,,,,,,,,,,,,,,,,,,,,,,,,,,,,,,,,,,,,,,,,,,,,,,,,,,,,,,,,,,,,,,,,,775,737.5,800,750,750,775,750,777.5,762.5,750,750,850,795
"Roanoke, VA",145,,,,,,,,,,,,,,,,,,,,,,,,,,,,,,,,,,,,,,,,,,,,,,,,,,,,,,,,,,,,,,,,,,,,,,,,,,,,,,925,950,995,900,900,950,925,895,875,950,975,1000,950,975,995
"Lincoln, NE",146,,,,,,,,,,,,,,,,,,,,,,,,,,,,,,,,,,,,,,,,,,,,905,1000,1050,975,950,925,950,995,1095,1100,1000,1000,1000,1000,1000,997.5,995,995,1100,1200,1200,1250,1200,1200,1200,1125,1122.5,1100,1190,1100,1200,1200,1250,1200,1250,1200,1150,1100,1175,1200,1200,1172.5,1200,1250,1300,1250,1250,1250,1200
"Fort Collins, CO",147,,,,,,,,,,,,,,,,,,,,,,,,,,,,1150,1112.5,1295,1247.5,1135,1200,1375,1375,1250,1280,1250,1200,1250,1195,1150,1200,1200,1200,1295,1350,1272.5,1295,1300,1350,1350,1350,1350,1350,1350,1450,1400,1475,1450,1450,1500,1525,1500,1525,1580,1595,1550,1550,1547.5,1550,1550,1562.5,1595,1595,1600,1600,1612.5,1600,1595,1595,1595,1595,1512.5,1550,1650,1695,1695,1695,1695,1656,1650
"Columbus, GA",148,,,,,,,,,,,,,,,,,,,,,,,,900,800,900,900,928,950,1000,1000,975,950,950,950,950,895,850,895,900,925,900,900,900,950,937.5,950,950,950,950,950,950,995,995,995,985,950,950,962.5,950,942.5,902.5,930,950,975,975,975,945,900,895,900,925,915,915,950,995,995,950,1000,950,925,900,885,875,895,900,882.5,925,950,935,900,900
"Boulder, CO",149,,,,,,,,,,,,,,,1800,1650,1650,1722.5,1795,1600,1672.5,1700,1697.5,1800,2000,2150,1800,1667.5,1650,1695,1572.5,1795,1800,1872.5,1812.5,1800,1997.5,1900,1740,1790,1700,1650,1700,1650,1822.5,1900,2150,1950,1995,1950,1950,1925,1850,1750,1796,1825,1875,1877.5,1895,2000,2100,2000,1995,1950,1850,1950,1995,2050,2100,2095,2000,2095,2100,2100,2200,2173,2100,2085,2100,2000,1995,1950,2050,1850,1995,2050,2000.5,2100,2150,2100,2100,2050
"Lubbock, TX",150,,,,,,,,,,,,,,,,,,,,,,,,,,,,,,,,,,,,,,,,1150,1050,997.5,1037.5,995,995,900,950,995,995,1000,1000,1000,995,995,995,1100,1050,1072.5,1062.5,1000,1000,1100,1192.5,1200,1190,1200,1197,1150,1100,1100,1062.5,1050,1050,1050,1100,1175,1100,1100,1100,1055,1050,1027.5,1000,1050,1100,1150,1200,1200,1200,1199,1195,1100
"Fort Smith, AR",151,,,,,,,,,,,,,,,,,,,,,,,,,,,,,,,,,,,,,,,,,,,,,,,,,,,,800,750,700,775,750,750,700,700,695,695,785,725,685,737.5,750,697.5,700,675,775,725,725,725,700,725,725,750,800,725,725,700,750,800,700,750,750,750,812.5,760,775,750,775
"Duluth, MN",152,,,,,,,,,,,,,,,,,,,,,,,,,,,,,,,,,,,,,1050,1080,1035,1050,1080,950,987.5,1045,1042.5,1042.5,1070,1100,1060,1077.5,1042.5,1020,1050,1050,1035,1060,1080,1035,1035,1215,1150,1125,1100,1025,1050,1100,1200,1237.5,1197.5,1162.5,1200,1230,1227.5,1200,1200,1100,1062.5,1195,1200,1240,1050,1050,1147.5,1297.5,1245,1125,1150,1112.5,1200,1200,1200,1200
"Atlantic City, NJ",153,,,,,,,,,,,,,,,,,,,,,,,,,,,,,,,,1600,1500,1500,1500,1500,1600,1800,1850,2000,2200,2200,2000,1700,1600,1500,1500,1600,1600,1700,1650,1700,1850,1850,1700,1500,1400,1445,1450,1462.5,1510.5,1600,1700,1750,1800,1800,1700,1500,1489.5,1400,1400,1400,1450,1500,1575,1700,1600,1697.5,1600,1600,1500,1400,1400,1400,1500,1500,1500,1675,1695,1650,1522.5,1450
"New London, CT",154,,,1472.5,1500,1600,1595,1572.5,1500,1425,1450,1500,1572.5,1500,1450,1500,1500,1500,1500,1500,1400,1395,1350,1350,1300,1300,1350,1400,1400,1400,1425,1395,1350,1350,1300,1300,1295,1295,1295,1280,1300,1350,1362.5,1400,1350,1400,1400,1400,1400,1400,1400,1400,1400,1400,1450,1450,1450,1400,1375,1400,1385,1400,1400,1500,1500,1500,1495,1495,1500,1500,1450,1400,1450,1450,1450,1500,1500,1500,1450,1485,1412.5,1500,1497.5,1400,1500,1400,1400,1500,1500,1500,1485,1500,1500
"San Luis Obispo, CA",155,,,,,,,,,,,,,1650,1587.5,1550,1675,1675,1550,1700,1675,1675,1695,1697.5,1500,1462.5,1595,1850,1675,1550,1600,1600,1650,1550,1525,1600,1605,1600,1600,1672.5,1800,1750,1750,1700,1550,1550,1650,1650,1650,1675,1600,1700,1800,1750,1700,1800,1800,1850,1800,1850,1872.5,1850,1825,1950,2225,2100,1900,2000,2000,2100,2095,2097.5,2037.5,2000,2187.5,2200,2225,2150,2150,2150,2100,2100,2200,2150,2200,2000,2200,2200,2400,2500,2495,2372.5,2450
"Gainesville, FL",156,,1200,1195,1000,1100,1000,1000,895,800,800,885,875,862.5,850,900,975,975,975,950,900,900,900,899.5,900,900,950,925,900,900,925,900,900,850,859,899,850,850,800,880,895,895,800,850,925,950,950,975,1000,1050,1050,1050,1050,1085,1050,1050,1050,1000,995,1040,1050,1100,1100,1000,1010,1000,1000,1012.5,1015,975,945,962.5,985,1125,1100,1100,1150,1150,1100,1050,1100,1050,1150,1102.5,1100,1100,1200,1200,1250,1250,1230,1225,1200
"Santa Cruz, CA",157,,,,,,,,,,,,,,,,,,,,,,,,,,,,,,,,,,,,,,,,,,,,,,,,,,,,,,2500,2425,2400,2250,2425,2400,2395,2500,2500,2600,2600,2965,2900,2600,2700,2600,2650,2675,2597.5,2750,2900,2700,2595,2700,2825,2625,2650,2775,2625,2700,2700,2797.5,2805,2800,2950,3150,3100,3200,3000
"Clarksville, TN",158,,,,,,,,,,,,,,,,,,1095,1050,1025,995,1000,1025,1000,995,995,1000,1075,1050,1050,1025,995,975,975,950,950,945,925,925,950,950,950,950,965,975,975,975,975,995,975,975,975,995,995,975,975,995,995,985,950,975,950,995,1000,1075,1062.5,1050,1000,995,1000,992.5,980,995,975,1000,1000,1000,1000,1025,995,995,950,985,975,950,950,995,1000,1050,1095,1075,1050
"Cedar Rapids, IA",159,,,,,,,,,,,,,,,,,,,,,,,,,,,,,,,,,,,,,,,,,,,,,,,,,,,,,,,,,,,,,,,,,,,,,,,,950,995,995,950,995,1000,897,925,987.5,1000,950,950,1000,975,975,995,1000,1000,1000,1000,990
"Merced, CA",160,,,,,,,,,,,,,1022.5,1000,997.5,950,900,900,900,900,935,900,900,900,900,900,900,875,850,875,875,900,900,895,875,885,900,895,895,900,900,900,900,900,950,1000,950,990,950,950,950,975,1050,1000,950,1000,1000,1000,950,962.5,950,950,1000,1000,1050,1100,1097.5,1000,1050,1050,1100,1100,1100,1100,1150,1150,1150,1100,1250,1175,1050,1200,1199,1195,1200,1250,1250,1250,1250,1350,1350,1350
"Wilmington, NC",161,,,,,,,,,,,,,985,995,1000,1050,1000,1050,1000,995,975,950,975,985,975,995,1050,1050,1095,1075,1050,1050,1100,1050,1000,1025,1000,995,1080,1095,1075,1095,1095,1075,1100,1125,1100,1100,1100,1100,1100,1100,1100,1100,1125,1195,1100,1100,1100,1100,1197,1200,1199,1195,1175,1200,1250,1240,1232.5,1200,1200,1200,1200,1200,1225,1225,1200,1200,1250,1250,1200,1200,1197,1200,1200,1275,1275,1250,1275,1295,1300,1300
"Kennewick, WA",162,,,,,,,,,,,,,,,,,1350,1295,1350,1300,1395,1312.5,1350,1350,1300,1300,1300,1325,1250,1250,1290,1350,1250,1200,1175,1200,1195,1200,1250,1262.5,1295,1300,1250,1167.5,1195,1250,1250,1250,1197,1125,1100,1150,1250,1250,1275,1299,1247.5,1225,1212.5,1225,1200,1275,1395,1225,1250,1300,1395,1350,1399,1385,1395,1395,1400,1450,1495,1367.5,1450,1395,1387.5,1437.5,1350,1395,1400,1397.5,1395,1425,1500,1575,1525,1495,1500,1495
"Greeley, CO",163,,,,,,,,,,,,,,,,,,,,,,,,,,,,,,,1200,1172.5,1250,1250,1200,1195,1097.5,1150,1195,1100,1200,1200,1125,1195,1275,1295,1250,1250,1295,1200,1200,1225,1295,1300,1300,1395,1495,1472.5,1400,1300,1250,1400,1497,1495,1495,1495,1495,1450,1425,1400,1485,1410,1395,1395,1450,1500,1450,1425,1490,1500,1500,1500,1495,1475,1499.5,1500,1500,1537.5,1550,1595,1625,1650
"Waco, TX",164,,,,,,,,,,,,,,,,,,,,,,,,,,,,995,950,950,1000,995,950,950,950,925,950,950,1050,1050,1000,1050,1050,995,1025,987.5,915,895,935,962.5,985,1000,1122.5,1000,1050,962.5,950,950,950,985,950,900,920,950,950,995,995,1090.5,1095,1075,975,942.5,937.5,970,1015,1050,1172.5,1200,1025,1050,1015,1095,1100,1035,995,1095,1150,1195,1195,1150,1150,1100
"Lynchburg, VA",165,,,,,,,,,,,,,625,650,684.5,800,750,785,800,850,800,770,805,805,800,785,785,775,800,825,775,750,750,750,700,700,700,720,749,750,800,865,825,842.5,862.5,850,850,850,800,825,825,850,895,975,995,950,912.5,900,895,850,850,850,900,925,995,995,925,960,950,900,925,895,900,925,950,950,912.5,937.5,950,950,995,950,950,850,925,950,950,975,975,925,950,937.5
"Olympia, WA",166,,,,,,,,,,,,,1292.5,1300,1300,1300,1350,1350,1395,1350,1325,1300,1295,1295,1295,1300,1325,1350,1350,1350,1350,1350,1350,1350,1350,1300,1295,1300,1325,1350,1350,1390,1350,1350,1350,1350,1350,1375,1395,1392.5,1350,1350,1395,1395,1395,1395,1395,1375,1350,1350,1350,1375,1375,1395,1450,1450,1425,1400,1395,1395,1400,1400,1395,1425,1450,1450,1495,1495,1495,1495,1450,1495,1475,1495,1495,1550,1565,1550,1595,1625,1650,1600
"Amarillo, TX",167,,,,,,,,,,,,,,,,,,,,,,,,,,,,,,,,,,,,,,,,,,,,,,,,1262.5,1197.5,1000,995,997.5,1075,1250,1300,1250,1200,1200,1272.5,1200,1295,1300,1237.5,1300,1225,1195,1223,1150,1195,1295,1275,1300,1297.5,1350,1500,1275,1272.5,1275,1250,1200,1195,1200,1200,1175,1197.5,1250,1282.5,1250,1200,1200,1150,1177.5
"Hagerstown, MD",168,,,995,1124.5,1100,1100,1195,1125,1100,1195,1155,1162.5,1100,1050,975,1112.5,1100,1200,1200,1150,1095,1000,1050,1097.5,1060,1100,1100,1125,1150,1150,1195,1197.5,1100,1150,1185,1200,1125,1110.5,1075,1000,1100,1150,1175,1150,1100,1195,1195,1112.5,1100,1100,1150,1100,1185,1150,1175,1175,1195,1100,1150,1100,1100,1125,1200,1200,1125,1140,1125,1150,1125,1162.5,1100,1100,1150,1100,1150,1200,1100,1175,1185,1195,1195,1150,1100,1100,1037.5,1050,1050,1050,1100,1100,1117.5,1150
"Bremerton, WA",169,,,,,,,,,,,,,,,1300,1250,1300,1400,1300,1300,1250,1200,1200,1225,1200,1200,1200,1100,1200,1299,1250,1225,1250,1200,1200,1200,1200,1195,1150,1150,1175,1200,1195,1200,1250,1250,1250,1250,1275,1300,1297,1300,1300,1300,1347.5,1350,1350,1325,1312.5,1300,1350,1350,1350,1362.5,1350,1375,1397.5,1425,1400,1400,1400,1400,1350,1400,1350,1350,1400,1400,1450,1412.5,1500,1450,1450,1500,1495,1497.5,1475,1550,1525,1575,1550,1575
"Crestview-Fort Walton Beach-Destin, FL",170,,900,900,900,900,950,950,999.5,995,995,975,975,975,950,950,985,975,1000,1000,1000,1000,1000,1050,1000,1000,1000,995,1000,1097,1100,1100,1075,1100,1100,1099,1150,1085,1050,1050,1050,1100,1150,1125,1175,1150,1150,1177.5,1100,1200,1150,1100,1100,1195,1195,1200,1200,1195,1195,1200,1195,1195,1195,1150,1200,1200,1250,1230,1250,1275,1260,1250,1225,1200,1200,1200,1250,1245,1295,1350,1300,1250,1300,1250,1275,1275,1250,1295,1300,1350,1375,1350,1395
"Topeka, KS",171,,,,,,,,,,,,,,,,,,,,,,775,725,695,730,800,825,897.5,825,795,775,775,845,795,780,795,675,647.5,695,700,825,810,775,850,825,862.5,850,750,775,795,762.5,775,797.5,847.5,825,775,775,750,750,795,750,750,755,750,772,795,800,800,800,845,795,750,750,745,775,775,795,795,775,750,795,800,825,762.5,750,750,790,785,795,820,850,800
"Macon, GA",172,,,,,,,,,,,,,,,,,,,,,,,,,,,,,,,,,,,,,,,,,,,,,,,,,,,,,,800,800,800,795,780,850,850,869,850,800,815,850,850,850,850,800,800,850,850,795,795,795,775,875,900,840,812.5,885,850,812.5,850,795,785,750,795,800,800,800,755
"Champaign-Urbana, IL",173,,,,,,,,,,,,,985,972.5,962.5,925,972.5,980,950,890,840,850,800,790,850,850,812.5,862.5,850,800,850,885,800,850,950,900,900,897.5,895,900,875,870,865,850,875,925,900,982,927.5,950,950,950,950,900,920,895,959.5,1030,1050,945,925,950,975,975,962.5,965,950,990,1050,1050,1050,1000,1050,1025,1050,1017.5,975,975,1000,927.5,950,985,985,969,995,1025,1050,1025,995,995,1000,997
"College Station, TX",174,,,,,,,,,,,,,,,,,,,,,,,917.5,950,995,1100,1200,1200,1200,1200,1200,1195,1100,1100,1080,1025,1100,1200,1200,1150,1175,1195,1150,1195,1200,1250,1299,1300,1350,1300,1300,1300,1300,1350,1350,1350,1325,1355,1400,1500,1500,1400,1350,1450,1450,1495,1400,1395,1385,1400,1500,1600,1560,1425,1400,1450,1400,1500,1400,1395,1350,1450,1575,1500,1560,1525,1475,1500,1495,1475,1400,1345
"Charleston, WV",175,,,,,,,,,,,,,,,,,,,,,,,,,,,,,,,,,,,,,,,,,,,,,,,,,,,,,,,,,,,,,,,,,,,,,975,975,1025,900,800,850,975,900,837.5,950,875,950,950,900,930,850,800,800,800,850,850,850,812.5,825
"Chico, CA",176,,,,,,,,,,,,,1097.5,1050,1097.5,1097.5,1097.5,1150,1100,1072.5,1037.5,1015,1000,1000,995,1000,1050,1100,1150,1100,1095,1037.5,1000,1000,1085,995,1000,1000,1000,1037.5,1097.5,1097.5,975,1012.5,985,1025,1050,1025,1025,1050,1100,1147.5,1150,1150,1200,1185,1200,1200,1185,1200,1167.5,1180,1185,1185,1200,1225,1200,1200,1250,1270,1200,1195,1150,1200,1212.5,1295,1250,1260,1250,1297.5,1275,1325,1250,1185,1300,1250,1300,1350,1400,1245,1350,1395
"Charlottesville, VA",177,,,950,1000,1050,1150,1224.5,1200,1100,1100,1100,1200,1150,1150,1200,1200,1249.5,1200,1200,1195,1200,1195,1150,1150,1195,1200,1200,1227,1295,1255,1200,1200,1200,1225,1200,1200,1195,1250,1285,1300,1312.5,1300,1275,1295,1350,1350,1312.5,1295,1250,1292.5,1300,1300,1325,1300,1300,1300,1300,1300,1315,1375,1350,1350,1400,1395,1350,1395,1400,1400,1397.5,1350,1450,1400,1420,1450,1420,1350,1400,1450,1500,1400,1450,1425,1450,1395,1450,1475,1500,1500,1550,1550,1600,1595
"Claremont, NH",178,,,,,,,,,,,,,,,,,,,,,,,,,,1375,1375,1400,1350,1350,1425,1400,1500,1500,1500,1500,1250,1250,1327,1400,1500,1375,1400,1400,1500,1500,1500,1500,1500,1500,1400,1400,1400,1400,1500,1500,1500,1450,1362.5,1400,1400,1455,1500,1500,1500,1500,1500,1500,1500,1500,1500,1500,1500,1500,1500,1500,1500,1500,1500,1500,1500,1500,1550,1595,1525,1500,1500,1625,1600,1625,1750,1767.5
"Cape Cod, MA",179,,,,,,,,,,,,,,,,,,,,,,,,,,,,,,,,,,,,,,,,,,,,,,,,,,,,,,,,,,,,,,,,,,1900,1725,1700,1700,1700,1750,2000,1800,1850,1850,1850,1900,1950,1725,1650,1700,1725,1625,1650,1700,1750,1900,2000,2000,2000,1962.5,1875
"Longview, TX",180,,,,,,,,,,,,,,,,,,,,,,,,,,,,,,,,,,,,,,,,,,,,,,,,,,,,,,,,,,,,,,,,,,,,,,,,,,,,,,,1100,1150,1050,1025,1100,1025,1000,1037.5,1050,1125,1100,1050,1095,1095
"Burlington, VT",181,,,,,,,,,,,,,,,,,,,,,,,,,,,,,,,,,,,,,,,,,,,,,,,,,,,,,,,,,,,,,,,,,,,,,,,,,,,,,,,1600,1800,1797.5,1700,1800,1650,1580,1650,1650,1750,1800,1700,1800,1800
"Prescott, AZ",182,,,,995,995,995,1010,997.5,1050,1000,997.5,995,995,1012.5,1050,1050,1025,1000,995,925,932.5,950,925,900,925,950,925,925,925,925,925,950,975,995,995,1095,1000,1000,950,950,909,925,997.5,1025,1100,1100,1150,1200,1150,1150,1150,1100,1247.5,1200,1250,1250,1250,1247.5,1235,1250,1250,1200,1295,1295,1300,1350,1350,1372.5,1395,1350,1300,1300,1350,1400,1390,1395,1300,1350,1350,1400,1350,1350,1350,1300,1350,1397.5,1495,1497.5,1450,1475,1500,1500
"Springfield, IL",183,,,,,,,,,,,,,,,,,,,,,,,,,,,,,,,,,,,,,,,,,,,,,,,,,,,,,,,,,,,,,,,,,,,,,,,,,,,,,,,,862.5,875,895,895,850,875,875,900,900,950,925,900,925
"Tyler, TX",184,,,,,,,,,,,,,,,,,,,,,,,,,,,,,,,,,,,,,,,,,,,,,,,,,,,,,,1235,1250,1195,1150,1150,1195,1200,1200,1195,1250,1295,1200,1200,1200,1150,1192.5,1195,1200,1225,1150,1195,1235,1175,1095,1200,1197.5,1250,1195,1150,1150,1150,1195,1200,1200,1200,1200,1200,1250,1200
"Las Cruces, NM",185,,,,,,,,,,,,,,,,,1100,1050,995,975,995,1000,1100,995,1000,1100,1035,1000,1000,975,975,1000,995,1000,1000,1000,995,1000,990,1000,1100,995,995,995,982.5,977.5,970,960,950,975,950,950,975,975,995,995,995,950,975,995,995,995,995,995,975,995,995,950,995,950,962.5,950,950,950,950,950,925,975,975,950,975,975,950,900,900,950,995,1000,995,990,1025,995
"Fargo, ND",186,,,,,,,,,,,,,,,,,,,,,,,,,,,,,,,,,,,,,,,,,,,,,,,,,,,,,,,,,,1110,1125,1150,1222.5,1295,1295,1295,1295,1297.5,1295,1350,1350,1295,1295,1300,1365,1350,1375,1362.5,1350,1350,1350,1312.5,1272.5,1145,1300,1350,1365,1375,1400,1400,1375,1350,1350,1350
"Rochester, MN",187,,,,,,,,,,,,,,,,,,,,,,,1000,899,899,899,949,975,975,1049.5,1024.5,1100,1025,1000,1000,949,949,949,975,1049,1150,1140,1100,1140,1100,1095,1025,995,995,1050,1025,1050,1150,1150,1150,1175,1120,1050,1095,1100,1100,1100,1195,1195,1200,1192.5,1200,1200,1197.5,1300,1350,1290,1225,1225,1272.5,1250,1250,1200,1235,1250,1197.5,1185,1250,1195,1200,1200,1245,1270,1295,1270,1275,1250
"Florence, SC",188,,,,,,,,,,,,,,,,,,,,,,,,,,,,,,,,,,,,,,,,,,,,,,,,,,,,,,,,,,,,,,,,,,,,,,,,,,,,,,,,950,950,950,1000,1050,950,950,900,875,950,925,1000,1150
"Medford, OR",189,,,,,,,,,,,,,,,,,,,,,,,,,950,937.5,850,950,950,1035,995,995,995,995,965,950,950,950,900,925,895,862.5,825,897.5,925,1050,945,1000,952.5,950,950,950,1000,1050,997.5,1080,1095,1100,1100,1095,1095,1150,1127.5,1172.5,1105,1300,1300,1295,1250,1262.5,1300,1437.5,1450,1425,1525,1450,1450,1350,1297.5,1350,1350,1495,1395,1372.5,1495,1500,1500,1525,1595,1600,1600,1600
"Lafayette-West Lafayette, IN",190,,,,,,,,,,,,,,,,,,,,,,,,,,,,,,,,,,,,,,,,,,,,,,,,,,,,,,,,,,,,,,,,,,,,,,862.5,880,895,895,990,1000,1000,1000,950,1000,980,977.5,1000,1095,995,975,1030,1050,1095,1125,1125,1125,1100
"Bellingham, WA",191,,,,,,,,,,,,,,1325,1225,1200,1200,1200,1295,1250,1200,1200,1175,1100,1150,1200,1250,1250,1200,1250,1200,1200,1200,1200,1200,1175,1200,1200,1200,1150,1195,1197.5,1195,1200,1250,1250,1250,1200,1225,1250,1200,1200,1250,1200,1295,1300,1300,1250,1212.5,1250,1295,1295,1247.5,1250,1172.5,1235,1295,1300,1300,1250,1350,1397.5,1350,1300,1295,1250,1262.5,1400,1462.5,1450,1500,1500,1375,1400,1440,1425,1550,1495,1525,1725,1700,1700
"Lake Havasu City, AZ",192,,,,1061,1017,1017,982,982,1034,1017,1034.5,1088,1200,1000,950,1000,1000,1041,1100,1150,1125,1100,1088,1023,1050,1050,1000,1125,1100,1050,1050,1050,1150,1100,1100,1050,1000,950,900,900,950,950,962.5,900,975,1050,1100,1000,975,900,900,900,925,975,1000,1000,1050,1000,1100,962.5,895,900,1012.5,1150,1095,1050,1100,1050,1095,1100,1200,1200,1150,1100,1050,1050,1000,1000,1000,1025,1125,1185,1175,1000,1000,1100,1100,1150,1150,1195,1200,1200
"Saginaw, MI",193,,,,,,,,,,,,,,,,,,,,,,,,,,,,,,,,,,,,,,,,,,,,,,,,,,,,,,,,,,,,,,,,,,,,,,,,600,600,605,622.5,625,622.5,600,622.5,597.5,650,670,650,625,650,625,695,700,650,650,650,650
"Lake Charles, LA",194,,,,,,,,,,,,,,,,,,,,,,,,,,,,,,,,,,,,,,,,,,,,,,,,,,,,,,,,,,,,,,,,,,,,,1300,1250,1200,1200,1150,1195,1172.5,1250,1295,1150,1100,1295,1180,1200,1250,1200,1237.5,1200,1250,1325,1350,1450,1397.5,1400
"Johnson City, TN",195,,,,,,,,,,,,,,,,,,,,,,,,,,,,,,,,,,,,,,,,,,,,,,,815,800,825,825,800,795,850,837.5,850,850,875,850,850,850,862.5,825,837.5,837.5,795,750,800,850,850,850,800,875,850,850,900,900,875,862.5,850,900,825,850,800,775,850,845,850,895,862.5,875,850,850
"Yuma, AZ",196,,,,,,,,,,,,,,,,962.5,975,987.5,975,937.5,900,900,900,950,950,975,900,937.5,950,901.5,900,950,995,995,950,982.5,975,950,900,950,962.5,1000,1000,1000,1050,1000,975,1000,1000,975,997.5,1000,1050,1000,1000,1000,1000,1000,975,995,975,1000,1000,1000,1000,1000,950,950,950,950,975,985,1000,1050,1000,975,1100,1000,1050,1000,1000,1000,950,1000,1000,1037.5,1000,1000,1000,1000,1000,1000
"Athens, GA",197,,,,,,,,,,,,,,,900,900,900,900,900,900,900,875,875,875,900,947.5,900,900,850,800,825,800,800,800,800,800,850,850,850,800,800,845,850,800,850,862.5,900,935,900,925,950,950,950,975,950,950,987.5,1000,1000,1100,1000,1050,1050,1000,1000,950,975,960,1000,1085,1200,1150,1100,1050,1095,1115,1100,1100,1050,1050,1000,1100,1150,1155,1095,1100,1100,1100,1200,1175,1200,1200
"Torrington, CT",198,,,,,,,,,,,,,,,,,,2200,2000,1875,1775,1600,1600,1585,1497.5,1500,1587,1600,1500,1500,1512.5,1500,1500,1500,1500,1500,1495,1500,1495,1500,1500,1500,1500,1500,1500,1500,1462.5,1495,1500,1500,1500,1500,1700,1750,1650,1600,1600,1500,1500,1500,1525,1537.5,1700,1650,1550,1600,1600,1600,1650,1600,1500,1500,1500,1600,1600,1700,1600,1500,1500,1682.5,1500,1500,1495,1500,1500,1500,1537.5,1650,1625,1650,1650,1600
"Bloomington, IL",199,,,,,,,,,,,,,,,,,,,,,,,,,,,,,,,,,,,,,,,,,,,,,,,,,,,,,,,,1025,1100,1057.5,975,975,1100,1097.5,1047.5,1050,1025,987.5,1062.5,997.5,875,915,875,895,917.5,975,995,950,937.5,962.5,875,997.5,925,1025,997.5,940,900,900,950,965,975,975,950,935
"Panama City, FL",200,,,,,,,,,,,,,,,,1072.5,997.5,1050,1100,1050,995,995,995,950,895,885,850,925,950,875,895,875,900,950,950,950,950,950,965,950,950,950,985,950,950,1050,1000,1000,1000,995,1000,1095,1200,1150,1150,1150,1150,1162.5,1100,1100,1050,1050,1162.5,1195,1200,1250,1250,1250,1225,1200,1200,1200,1200,1200,1250,1250,1212.5,1150,1290,1200,1195,1195,1175,1150,1200,1150,1195,1200,1200,1290,1337.5,1295
"Daphne, AL",201,,,,,,,,,,,,,,900,955,1000,1000,1000,985,965,900,875,900,897.5,875,912.5,900,900,895,975,1000,1100,1050,1075,1097.5,995,995,995,1100,1075,1020,1000,1100,1100,1175,1100,1100,925,1000,1050,1050,1050,1200,1271,1285,1250,1250,1273,1259.5,1275,1275,1250,1350,1350,1395,1300,1350,1395,1395,1350,1300,1295,1269,1295,1285,1300,1300,1285,1300,1400,1350,1295,1300,1350,1300,1300,1350,1350,1350,1375,1400,1350
"Gainesville, GA",202,,,1600,1500,1400,1200,1200,1150,1200,1200,1200,1372.5,1200,1197.5,1250,1462.5,1297.5,1100,1100,1100,1185,1150,1197.5,1100,1100,1100,1072.5,1200,1172.5,1050,1085,1100,1100,1075,1050,1100,1095,975,1100,1062.5,1095,1100,1050,1000,1025,1037.5,1050,1000,1000,1050,1047.5,1025,1050,1000,1050,1100,1100,1100,1100,1125,1200,1200,1124.5,1250,1250,1279.5,1261,1243,1325,1300,1285,1202,1238,1246,1200,1200,1350,1252.5,1300,1300,1295,1245,1200,1200,1325,1300,1334.5,1400,1375,1350,1350,1369.5
"Warner Robins, GA",203,,,,,,,,,,,,,,,,,,,,,,,,,,,,,,,,,1000,1037.5,1097.5,1000,950,950,950,950,961.5,995,1000,1000,1000,995,950,925,950,950,950,950,1000,1075,1000,1075,1000,1000,1000,1000,995,995,975,975,1050,1000,995,950,950,950,962.5,950,950,950,1000,995,1050,1062.5,1050,995,975,995,1000,995,1000,975,995,1000,995,1000,1000,995
"Blacksburg, VA",204,,,,,,,,,,,,,,,,,,,,,,,,,,,,,,,,,,,,,,,,,,,,,,,,,,1175,1150,1100,1200,1150,1225,1200,1200,1200,1200,1100,975,975,1150,1200,1125,1200,1200,1200,1100,1150,1150,1100,1175,1300,1300,1200,1200,1200,1200,1200,1200,1300,1140,1200,1200,1250,1220,1250,1200,1200,1200,1200
"Jacksonville, NC",205,,,,,,,,,,,,,,900,900,900,900,925,900,900,900,910,925,925,925,925,925,950,950,950,950,925,900,900,900,900,895,900,900,900,900,900,900,900,900,900,895,880,895,895,895,896,900,925,925,900,900,895,875,878.5,895,895,900,900,925,925,913,900,900,895,895,895,899,899.5,900,900,925,925,900,925,895,900,900,895,899,878.5,875,895,900,900,900,900
"Redding, CA",206,,,,,,,,,,,,,,,,,,,,,,,,,,,,,,,,,,,,,,,,,,,,,,1150,1150,1075,1100,1050,1095,1097.5,1175,1150,1125,1100,1200,1125,1100,1100,1150,1100,1100,1100,1100,1195,1200,1285,1300,1225,1272.5,1250,1247.5,1247.5,1200,1200,1250,1225,1250,1200,1150,1200,1200,1200,1200,1250,1295,1325,1295,1237.5,1250,1250
"Muskegon, MI",207,,,,,,,,,,,,,,,,,,,,,,,,,,,,,,,,,,,,,,,,,,,,,,,,,,,,,,,,,,,,,,,,,,,,,,,,,,,,,,750,750,737.5,750,750,700,725,700,750,750,700,720,800,775,750
"East Stroudsburg, PA",208,,,,,,,,,,,,1200,1150,1200,1199.5,1200,1200,1200,1200,1250,1200,1200,1137.5,1100,1100,1100,1100,1100,1100,1150,1150,1150,1135,1125,1135,1122.5,1175,1100,1150,1150,1175,1185,1150,1175,1150,1200,1145,1150,1150,1100,1100,1100,1200,1200,1200,1200,1200,1180,1150,1149,1100,1100,1150,1200,1200,1200,1200,1200,1197.5,1195,1195,1172.5,1150,1150,1200,1200,1200,1200,1200,1200,1200,1200,1200,1250,1200,1200,1250,1250,1250,1275,1250,1200
"Greenville, NC",209,,,,,,,,,,,,,,895,950,950,950,975,900,925,900,900,862.5,895,800,800,825,900,900,900,900,900,895,875,865,865,850,895,900,900,900,900,875,850,850,937.5,875,950,950,900,900,900,950,925,885,925,930,900,900,900,885,900,900,900,950,975,950,975,1000,900,925,920,927.5,900,925,925,850,850,925,925,925,950,862.5,900,875,912.5,950,925,900,890,900,950
"Waterloo, IA",210,,,,,,,,,,,,,,,,,,,,,,,,,,,,,,,,,,,,,,,,,,,,,,,,,,,,,,,,,750,795,795,690,795,795,875,900,950,870,950,860,850,825,850,900,950,990,887.5,850,750,850,850,812.5,817.5,900,900,875,850,800,725,750,797.5,790,750,750
"Yuba City, CA",211,,,,,,,,,,,,,,,,,,,,,,,,,,,,,,,,,,,,,,,,,,,,,,,,,,,,,,,,,,,,,,,,,,,,,,,,,,,,,,,1350,1397.5,1350,1351,1250,1250,1300,1350,1367.5,1350,1325,1395,1492,1450
"Abilene, TX",212,,,,,,,,,,,,,,,,,,,,,,,,,,,,,,,,,,,,,,,,,837.5,837.5,799.5,850,800,850,800,800,825,850,850,850,850,895,900,900,950,900,895,850,895,895,975,950,950,995,1000,995,950,950,975,995,995,1000,1050,1095,995,950,995,900,1050,985,995,982,1012.5,997.5,925,995,1000,1000,995,950
"Columbia, MO",213,,,,,,,,,,,,,,,,,,,,,,,,,,,,,,,,,1087.5,1000,1097.5,1200,1200,1095,1050,1162.5,1200,1100,1187.5,1000,950,1050,1100,1100,1192.5,1175,1100,1100,1100,1112.5,1150,1100,1100,1100,1050,1000,975,1000,1100,1000,975,997.5,950,1000,975,962.5,975,975,947.5,975,975,995,955,900,1000,1050,997.5,1100,1075,1050,1000,962.5,950,950,960,975,967.5,995
"Dover, DE",214,,,,,,,,,,,,,1297.5,1300,1300,1350,1300,1350,1285,1250,1225,1250,1250,1200,1200,1200,1195,1200,1200,1200,1200,1200,1200,1185,1175,1200,1200,1200,1200,1200,1200,1200,1225,1212.5,1200,1200,1200,1200,1200,1200,1200,1150,1225,1295,1250,1200,1200,1200,1200,1200,1200,1200,1200,1250,1300,1300,1300,1300,1300,1250,1250,1262.5,1300,1250,1200,1300,1262.5,1250,1300,1250,1200,1289.5,1262.5,1264.5,1250,1250,1250,1237.5,1250,1300,1250,1250
"Bloomington, IN",215,,,,,,,,,,,,,,,,1075,1124.5,1027.5,995,992.5,1025,1000,992.5,992.5,995,1040,1047.5,1100,1045,992.5,1000,990,1000,1000,982.5,945,900,935,1000,1000,1050,1050,1050,1000,997.5,1100,1077.5,1087.5,1050,1000,1000,995,995,1050,1050,1050,1050,1215,1250,1185,1000,1000,995,995,1000,1062.5,1087.5,1062.5,1200,1300,1200,1100,1050,995,995,1050,995,1125,1150,1200,1200,1370,1350,1350,1300,1200,1200,1200,1200,1200,1200,1200
"Pueblo, CO",216,,,,,,,,,,,,,,,,,,,,,,,,,,,,,,,,,,,,,,,,,,,,,,,,,,,,,,,,,,,,,,,,,,,,,,,,,,,,,,837.5,962.5,975,950,825,875,900,850,850,950,1000,975,1095,1000,997.5
"Billings, MT",217,,,,,,,,,,,,,,,,,,,,,,,,,,,,,,,,,,,,,,,,,,,,,,,,,,,,,,,,995,972.5,995,995,925,950,925,900,925,950,1050,995,1000,1025,1000,970,995,1095,995,995,950,1000,995,975,945,1000,1025,1050,1090,1062.5,1050,1050,1095,1095,1100,1100,1100
"Bend, OR",218,,,,,,,,,,,,,,,,,,,,,900,925,950,950,900,950,1000,995,995,1000,1050,995,1095,1100,1050,1000,1095,1112.5,1100,950,1100,1065,1125,1150,1225,1295,1295,1275,1195,1225,1245,1250,1295,1400,1495,1550,1595,1500,1495,1495,1495,1500,1500,1495,1600,1522.5,1600,1695,1650,1595,1550,1550,1525,1550,1637.5,1550,1600,1695,1575,1612.5,1695,1595,1600,1595,1672.5,1695,1650,1600,1650,1750,1750,1695
"Vineland, NJ",219,,,,,,,,,,,,,,,,,,,1250,1100,1200,1100,1200,1200,1200,1250,1350,1425,1400,1350,1400,1250,1250,1300,1275,1150,1100,1100,1125,1200,1200,1200,1200,1200,1100,1125,1200,1200,1200,1187.5,1200,1175,1200,1200,1200,1200,1200,1200,1200,1200,1200,1200,1200,1250,1162.5,1162.5,1150,1150,1100,1125,1100,1150,1200,1200,1197.5,1250,1300,1300,1200,1275,1225,1150,1200,1100,1200,1100,1200,1200,1200,1200,1200,1200
"Kahului, HI",220,,,,,,,,,,,,,,,,,,,,,,,,,,,,,,,,,,,,,,,,,,,,,,,,,,,,,,,,,,,,,,,,,,,,,,,,,,,,,,,2250,2250,2600,2350,2300,2500,2300,2400,2400,2500,2537.5,2500,2550,2495
"Hanford, CA",221,,,,,,,,,,,,,,,,,,,,,,,,,,,,,,,,,,,,,1050,1100,1000,975,1050,1025,1050,1100,1100,1100,1100,1100,1100,1150,1150,1150,1137.5,1175,1250,1200,1200,1200,1200,1200,1200,1250,1200,1200,1200,1200,1250,1350,1250,1325,1250,1250,1250,1312.5,1325,1250,1250,1250,1175,1200,1275,1200,1250,1300,1350,1300,1250,1295,1250,1275,1200,1300
"Iowa City, IA",222,,,,,,,,,,,,,,,,,,,,,,,,,,,,,,,,,,,,,,,,,,,,,,,,,,,,,,,,,,,,,,,,,,,,,,,,,,1200,1180,1180,1195,1275,1200,1295,1200,1262.5,1325,1262.5,1183,1183,1155,1145,1195,1200,1200,1225
"Wichita Falls, TX",223,,,,,,,,,,,,,,,,,,,,,,,,,,,,,,,,,,,,,,,,,,,,,,,,,,,,,,,,,,,,,,,,,,,,,,,,,,,,,,,,,850,875,950,875,912.5,900,897,885,900,950,925,875
"Chambersburg, PA",224,,,,,,,,,,,862.5,847.5,895,900,895,895,895,895,907.5,850,835,895,895,900,900,912.5,912.5,925,925,900,800,927.5,932.5,935,850,897.5,935,935,935,1000,950,1000,950,935,942.5,942.5,935,850,900,945,900,935,950,950,950,950,950,950,950,930,950,935,950,962.5,995,865,925,950,995,930,950,950,950,950,950,975,950,1012.5,995,950,950,912.5,962.5,899.5,897.5,950,985,997.5,992.5,1010,1000,995
"Elizabethtown, KY",225,,,,,,,,,,,,,,,,,,,,,,,,,,,,,,,,1012.5,925,995,897.5,865,857.5,845,875,925,1000,995,900,897.5,895,895,895,950,975,975,975,975,959,995,912.5,950,950,912.5,900,950,925,900,900,1000,1000,999.5,950,990,995,995,962.5,900,950,995,1000,1050,1050,1000,1000,995,995,995,1000,899,899,900,900,950,995,995,997,995
"Grand Junction, CO",226,,,,,,,,,,,,,,,,,,,,,,,,,995,995,985,1000,1050,1000,1000,1000,1000,1000,997.5,1000,995,975,975,1000,1000,995,1000,995,1000,1050,1050,1000,1050,1025,1037.5,1050,1050,1100,1095,1050,1050,1050,1062.5,1000,1050,1000,1095,1100,1100,1100,1100,1095,1095,1100,1095,1050,1072.5,1100,1050,1100,1095,1100,1100,1100,1075,1100,1025,1097.5,1095,1095,1095,1100,1150,1175,1100,1125
"Santa Fe, NM",227,,,,,,,,,,,,,,,,,,,,,,,,1372.5,1450,1500,1425,1500,1395,1375,1387.5,1425,1450,1400,1350,1400,1362.5,1375,1375,1400,1425,1400,1362.5,1350,1387.5,1450,1400,1350,1350,1350,1350,1400,1500,1500,1457.5,1450,1450,1537.5,1537.5,1500,1500,1500,1500,1500,1525,1600,1612.5,1500,1650,1625,1800,1800,1772.5,1800,1650,1800,1897.5,1575,1697.5,1550,1662.5,1650,1650,1650,1500,1500,1725,1650,1600,1650,1750,1700
"Hattiesburg, MS",228,,,,,,,,,,,,,,,,,,,,,,,,,,,,,,,,,,,,,,,,,,,,,,,,,900,900,900,900,925,900,850,950,850,800,800,897.5,897.5,900,912.5,912.5,875,800,800,850,800,835,825,912.5,900,900,900,800,937.5,950,875,887.5,962.5,885,925,912.5,900,925,950,900,1000,1085,995,975
"Auburn, AL",229,,,,,,,,,,,,,,,,,,,,,,,,,,,,,,,,,,,,,,,,,,,,,,,,,,,,,,,,,,,,,,,,,,1100,1095,1100,1072.5,1050,1117.5,1100,1100,1100,1137.5,1150,1197.5,1197.5,1200,1100,1097.5,1100,1050,1151,1100,1100,1050,1150,1200,1250,1207.5,1250
"Valdosta, GA",230,,,,,,,,,,,,,,,,,,,,,,,,,,,,850,850,850,895,875,875,885,862.5,850,850,825,850,850,825,850,850,850,850,825,850,900,895,850,875,895,912.5,900,895,900,895,875,895,895,895,895,895,900,895,895,875,850,850,825,810,800,800,795,795,800,825,795,875,850,900,862.5,925,875,895,875,850,895,895,892.5,850,895
"Coeur d'Alene, ID",231,,,,,,,,,,,,,,,,,,,,,,,,,,,,,,,,,,,,,,,,,,,,,,,,,,,,,,,,,,,,,,,,,,,,,,,,,,,,,,,,,1242.5,1312.5,1292.5,1300,1295,1300,1350,1295,1395,1350,1395,1350
"St. George, UT",232,,,,,,,,,,,,,,,,,,,,1050,950,1000,975,1000,1100,1200,1000,1050,1000,850,850,972.5,1022.5,1075,1100,1075,1087.5,1050,1050,1100,1137.5,1100,1025,1100,1150,1100,1100,1100,1100,1000,1000,1045,1000,1100,1095,1100,1100,1100,1125,1232.5,1087.5,1050,1000,1100,1100,1100,1137.5,1037.5,1100,1100,1175,1190,1100,1237.5,1250,1200,1212.5,1300,1266,1312.5,1350,1255,1266,1350,1300,1300,1350,1366,1341,1350,1399,1345.5
"Napa, CA",233,,,,,,,,,,,,,,,,,,,,,,,,,,,2300,2350,2000,2200,2175,2350,2395,2347.5,2395,2100,2250,2100,2050,1825,1950,2100,2000,1875,2000,2000,2095,2150,2050,2100,2100,2150,2400,2400,2500,2425,2300,2500,2500,2600,2675,2450,2847.5,2750,2625,2500,2850,2850,2500,2697.5,2850,2725,2600,2600,2575,2750,2800,2675,2600,2600,2475,2480,2875,2647.5,2800,2700,2600,2800,2800,2750,2800,2850
"Sierra Vista, AZ",234,,,,,,,,,,,1000,950,995,1000,1000,995,950,972.5,975,1000,1000,992.5,950,995,975,950,1000,1100,1000,1000,1000,995,950,950,950,980,950,950,995,995,975,975,950,950,950,950,975,950,947.5,925,925,950,975,975,975,950,950,950,950,975,950,950,975,975,975,950,950,950,950,925,900,945,945,925,900,900,945,935,950,925,950,950,912.5,950,950,895,900,925,925,900,950,950
"Lawton, OK",235,,,,,,,,,,,,,,,,,,,,,,,,,,,795,795,795,795,795,750,795,775,775,725,725,700,750,775,775,762.5,750,750,725,750,750,750,750,750,747.5,750,775,775,795,775,775,750,750,750,725,725,750,750,750,762.5,775,750,750,750,750,750,750,750,750,750,775,750,750,750,750,730,750,750,750,725,750,750,750,750,750,750
"Farmington, NM",236,,,,,,,,,,,,,,,,,,,,,,,,,,,,,,,,,,,,,,,,1050,1075,1050,987.5,1025,1200,1125,1150,1045,1100,1095,1100,1097.5,1200,1200,1273.5,1300,1300,1350,1273.5,1300,1125,1150,1250,1272.5,1195,1200,1200,1200,1200,1200,1150,1100,1150,1100,1045,1100,1125,1150,1150,1200,1145,1025,1050,1197.5,1100,1085,1100,1150,1150,1195,1250,1250
"Morgantown, WV",237,,,,,,,,,,,,,,,,,,,,,,,,,,,,,,,,,,,,,,,,,,,,,,,,,,,1090,1200,1272.5,1300,1300,1300,1200,1200,1200,1200,1200,1135,1200,1200,1200,1200,1300,1300,1300,1300,1100,1100,1185,1185,1200,1200,1250,1302.5,1347.5,1350,1200,1300,1200,1200,1305,1200,1250,1250,1200,1250,1200,1200
"Winchester, VA",238,,,,,1100,1172.5,1100,1050,1200,1200,1100,1187.5,1150,1125,1150,1295,1297.5,1200,1200,1200,1200,1200,1100,1000,1100,1150,1200,1200,1200,1250,1200,1200,1200,1200,1225,1100,992.5,1100,1200,1225,1185,1300,1200,1250,1300,1250,1250,1182.5,1162.5,1162.5,1150,1150,1167.5,1200,1200,1200,1200,1200,1200,1200,1250,1250,1250,1250,1250,1200,1200,1200,1200,1200,1250,1200,1250,1200,1200,1200,1200,1200,1175,1250,1250,1150,1200,1200,1225,1250,1200,1200,1212.5,1250,1250,1295
"New Bern, NC",239,,,,,,,,,,,,,,925,980,985,1000,1000,1050,1000,1000,1100,1100,1050,1050,1050,1025,1050,1000,1000,1000,975,950,975,950,920,950,950,950,950,997.5,997.5,1000,1000,1000,975,950,985,950,925,950,950,1000,1050,1000,1000,1000,1000,1000,975,995,975,987.5,975,1000,995,1000,997,975,950,950,950,950,937.5,950,975,975,995,950,950,950,950,950,950,950,950,925,950,950,985,975,950
"Carbondale, IL",240,,,,,,,,,,,,,,,,,,,,,,,,,,,,,,,,,,,,,,,,,,,,,,,,,,,,,,,,,,,,,,,,784.5,850,900,890,900,872.5,950,900,872.5,800,795,750,795,762.5,850,800,775,892.5,800,800,770,750,850,885,777.5,800,790,800,837.5
"Harrisonburg, VA",241,,,,,,,,,,,,,,,,,,,,,,,,,,787.5,812.5,810,750,885,975,990,950,925,897.5,850,900,900,950,950,950,900,950,875,950,950,950,950,950,950,950,950,950,950,950,925,920,950,900,895,897.5,925,975,950,975,975,999.5,975,975,1000,1000,1000,1000,1025,1000,1000,1050,995,975,1062.5,975,1012.5,1000,975,1075,1125,1000,1050,1100,1100,1200,1200
"Sherman, TX",242,,,,,,,,,,,,,,,,,,,,,,,,,,,,,,,,,,,,,,,,,,,,,,,,,,,,,,1178,1200,1250,1095,1150,1170,1050,1100,995,1000,972.5,995,1095,1000,970,995,950,950,995,1095,1095,1200,1200,1250,1050,1100,1147.5,1000,1050,1100,995,1100,1150,1200,1220,1195,1200,1200,1200
"Anniston, AL",243,,,,,,,,,,,,,,,,,,,,,,,,,,,,,,,,,,,,,,,,,,,,,,,,,700,737.5,750,750,787.5,850,750,800,750,750,750,750,750,735,750,750,750,750,725,700,725,750,700,750,750,750,750,722.5,772.5,750,795,750,737.5,775,750,750,750,750,750,750,750,725,750,750
"Watertown, NY",244,,,,,,,,,,,,,,,,,,,,,,,,,,,,,,,,,,,,1300,1300,1250,1300,1300,1337.5,1299,1274.5,1200,1300,1250,1200,1200,1200,1200,1200,1200,1300,1350,1400,1400,1400,1400,1300,1300,1250,1250,1225,1300,1250,1250,1300,1300,1300,1250,1200,1150,1150,1150,1200,1200,1200,1200,1199,1337.5,1200,1200,1300,1250,1212.5,1250,1250,1200,1200,1200,1275,1275
"Dunn, NC",245,,,,,,,,,,,,,1299,1300,1300,1300,1350,1300,1300,1295,1250,1250,1200,1200,1200,1225,1200,1200,1225,1225,1250,1250,1250,1212.5,1212.5,1200,1200,1200,1200,1250,1250,1250,1250,1250,1200,1200,1200,1200,1200,1200,1200,1200,1250,1250,1250,1250,1225,1200,1225,1225,1225,1200,1200,1250,1250,1250,1250,1200,1200,1200,1200,1200,1200,1200,1219,1225,1250,1250,1250,1250,1237.5,1250,1250,1200,1250,1245,1250,1250,1300,1300,1250,1295
"Kankakee, IL",246,,,,,,,,,,,,,,,,,,,,,,,,,,,,,,,,,,,,,,,,,,,,,,,,,,,,,,,,,,,,,,,,,,,,,,,,,,,,,,,,,1195,1095,1200,999,976.5,978,978,1050,1195,1150,1150,1150
"San Angelo, TX",247,,,,,,,,,,,,,,,,,,,,,,,,,,,,,,,,,,,,,,,,,,,,,,,,,,,,,,,,,,,,,,,,,1250,1250,1250,1287.5,1325,1200,1200,1200,1200,1200,1200,1225,1200,1100,1200,1225,1200,1150,1047.5,1200,1100,1095,1200,1200,1237.5,1150,1200,1200
"Roseburg, OR",248,,,,,,,,,,,,,,,,,,,,,,,,,,700,762.5,725,737.5,725,750,795,750,750,775,762.5,750,720,695,695,685,695,700,750,795,800,795,750,750,750,795,775,775,750,795,762.5,750,750,775,795,795,795,795,795,797.5,825,825,825,825,825,825,795,825,825,837.5,850,795,825,825,862.5,895,875,885,885,850,875,925,795,895,962.5,997.5,925
"Sumter, SC",249,,,,,,,,,,,,,,,,,,,,,,,,,,,,,,,,,,,,,,,,,,,,,,,,,,,,,,,,,,,,,,,,,,,,,925,900,950,950,980,1000,1100,1100,1000,1050,1150,1000,975,997,1000,900,975,950,1000,1000,1000,1012.5,1000,975
"California-Lexington Park, MD",250,,,,,,,1637.5,1600,1400,1350,1475,1300,1300,1300,1300,1400,1400,1450,1400,1350,1395,1475,1500,1475,1450,1395,1375,1350,1550,1527.5,1600,1500,1550,1595,1500,1500,1395,1350,1297.5,1300,1300,1350,1500,1450,1450,1400,1350,1350,1350,1350,1325,1330,1500,1500,1500,1500,1495,1400,1450,1450,1450,1400,1500,1500,1550,1595,1550,1500,1450,1500,1450,1500,1425,1500,1525,1500,1570,1500,1500,1500,1597.5,1425,1575,1500,1500,1500,1500,1512.5,1570,1650,1600,1600
"Fairbanks, AK",251,,,,,,,,,,,,,,,,,,,,,,,,,,,,,,,,,,,,,,,,,,,,,,,,,,,,,,1500,1600,1590,1600,1500,1400,1400,1412.5,1425,1600,1625,1750,1650,1625,1600,1600,1500,1475,1475,1400,1500,1500,1500,1500,1650,1587.5,1600,1500,1425,1300,1500,1400,1575,1600,1550,1537.5,1650,1650,1600
"Manhattan, KS",252,,,,,,,,,,,,,,,,,,,,,,,,,,,,,,,,,1200,1250,1250,1200,1162.5,1140,1100,1190,1200,1200,1200,1225,1250,1225,1175,1185,1200,1200,1200,1200,1200,1200,1200,1200,1200,1160,1150,1180,1250,1235,1200,1250,1200,1200,1200,1175,1177.5,1200,1200,1200,1200,1200,1200,1200,1250,1200,1250,1200,1150,1200,1095,1180,1212.5,1250,1200,1200,1200,1200,1200,1200
"Cheyenne, WY",253,,,,,,,,,,,,,,,,,,,,,,,,,,,,,,,,,,,,,,,,,,,,,,,,,,,,,,,,1300,1200,1197.5,1057.5,1195,1200,1300,1395,1395,1300,1325,1350,1300,1322.5,1297.5,1250,1225,1295,1250,1262.5,1250,1295,1300,1295,1195,1250,1195,1250,1172.5,1275,1250,1250,1275,1275,1250,1235,1250
"Bozeman, MT",254,,,,,,,,,,,,,,,,,,,,,,,,,,,,,,,,,,,,,,,,,,,,,,,,,,,,,,,,,,,,,,,,,,,,,,,,,,,,,,,,1395,1497.5,1750,1700,1667.5,1475,1600,1600,1650,1800,1775,1800,1800
"Pinehurst-Southern Pines, NC",255,,,,,,,,,,,,,,,,,,,,,,,,,,,,,,,,,,,,,,,,,,,,,,,,,,,,,,,,,,,,,,,,,,,1487.5,1400,1400,1400,1450,1400,1400,1400,1400,1300,1400,1450,1300,1400,1350,1300,1400,1350,1400,1362.5,1300,1400,1400,1450,1450,1450
"Branson, MO",256,,,,,,,,,,,,,,,,,,,,,,,,,,,,,,650,600,625,650,650,650,725,700,650,662.5,750,750,750,700,695,695,697.5,684,700,679,675,675,685,725,750,712.5,750,737.5,695,725,700,700,695,695,675,697.5,685,750,750,700,750,737.5,795,825,750,685,710,775,800,750,750,842.5,750,837.5,725,700,750,750,781,895,825,895,850
"Pocatello, ID",257,,,,,,,,,,,,,,,,,,,,,,,,,,,,,,,,,,,,,,,,,,,775,799,795,775,775,775,750,750,700,725,782.5,775,775,750,737.5,750,700,750,750,797.5,795,799,810,799,799,785,750,785,750,775,775,775,795,750,799,700,799,799.5,795,725,799,795,750,750,785,795,800,825,825,895
"Oak Harbor, WA",258,,,,,,,,,,,,,,1137.5,1125,1195,1150,1150,1100,1150,1100,1095,1050,1050,995,995,995,975,995,1000,1100,1095,1125,1150,1125,1150,1100,1097.5,1050,1074.5,1095,1087.5,1150,1195,1199,1200,1195,1175,1195,1162.5,1150,1110,1200,1200,1250,1250,1250,1250,1200,1250,1225,1212.5,1250,1300,1300,1275,1287.5,1397.5,1385,1395,1400,1400,1400,1300,1300,1325,1350,1497.5,1400,1300,1400,1382.5,1450,1365,1495,1500,1500,1500,1495,1500,1587.5,1650
"Hinesville, GA",259,,,,,,,,,,,,,,,,,,,,,,,,,,,,,,,,,,975,1075,1092.5,1062.5,975,975,995,1000,1085,1100,1000,975,975,975,1025,1025,1000,1050,1025,1075,1050,1037.5,1025,1012.5,1000,990,985,970,975,1000,1000,1000,1025,1050,1050,1000,995,995,1000,1000,995,975,995,967.5,975,975,1000,1000,1025,1067.5,1000,1000,1050,1100,1075,1085,1050,1075,1050
"Casper, WY",260,,,,,,,,,,,,,,,,,,,,,,,,,,,,,,,,,,,,,,,,,,,,,,,,,,,,,,,,,,,,,,1400,1350,1300,1300,1300,1300,1275,1225,1250,1200,1225,1300,1200,1100,1125,1100,1072.5,1000,1075,995,997.5,997.5,950,1050,1075,995,1050,1050,1000,1000,1000
"Key West, FL",261,,,,,,,,,,,,,,,,,,,,,,,,,,,,,,,,,,,,,,,,,,,,,,,,,,,,,,,,,,,,,,,,,4223,3500,3500,3500,3500,3500,3500,3500,3500,3350,3500,3500,3000,3000,2950,3000,3000,3050,3212.5,3600,3362.5,3500,3425,3375,3500,3500,3600,3800
"Statesboro, GA",262,,,,,,,,,,,,,,,,,,,,,,,,,,,,,,,,,,,,,,,,,,,,,,,,,,,875,865,950,950,900,850,800,850,900,1000,990,990,950,925,975,912.5,900,887.5,900,850,887.5,995,975,995,1050,1000,950,900,975,900,950,850,850,900,925,1000,975,975,975,900,950,862.5
"Morehead City, NC",263,,,,,,,,,,,,,,1237.5,1200,1200,1200,1325,1300,1250,1200,1200,1200,1150,1200,1200,1200,1200,1250,1200,1125,1100,1200,1200,1200,1100,1097.5,1100,1195,1175,1195,1200,1195,1200,1195,1195,1150,1150,1150,1150,1137.5,1100,1150,1150,1195,1150,1150,1150,1100,1100,1100,1100,1150,1100,1200,1200,1200,1250,1200,1197.5,1200,1162.5,1150,1150,1195,1200,1200,1185,1195,1195,1250,1200,1195,1150,1100,1150,1195,1195,1195,1200,1195,1197.5
"Elizabeth City, NC",264,,,,,,,,,,,,,,,,,,,,,,,,,,,,1150,1150,1095,1100,1100,950,950,925,950,950,950,1000,1000,962.5,950,900,890,900,900,900,995,975,950,950,950,995,985,995,995,995,937.5,925,950,900,950,962.5,1025,1100,1150,950,962.5,900,912.5,950,895,897.5,900,1000,1000,1000,1000,1100,1097.5,1000,950,975,1097.5,1045,955,950,972.5,1000,1097.5,1050,1097.5
"Fort Polk South, LA",265,,,,,,,,,,,,,,,,,,,,,,,,,,,,,,,,,,,,,,,,,,,,,,,,,,,,,,,,,,,,900,950,950,1100,1100,1125,1050,1050,1100,950,950,950,900,900,950,925,875,912.5,850,950,850,950,825,925,950,1000,950,975,900,900,1000,1050,1000
"Fort Leonard Wood, MO",266,,,,,,,,,,,,,,,,,,,,,,,,,,,,,,,,,1000,1050,1050,1100,1072.5,1100,1000,1100,1087.5,1062.5,1062.5,1050,950,950,1000,990,985,1000,1000,1000,950,995,975,1000,1000,950,975,975,950,950,975,975,1000,1000,1000,1000,950,950,950,950,912.5,925,950,950,985,950,950,912.5,900,950,925,900,937.5,900,900,940,950,950,950,950
"St. Marys, GA",267,,1072.5,995,995,1012.5,995,995,950,925,897.5,900,897.5,900,900,900,895,895,900,900,900,925,912.5,925,907.5,915,900,925,950,950,950,950,925,900,900,900,950,950,950,950,962.5,975,995,975,950,950,950,950,925,950,950,950,950,995,975,995,995,995,1000,995,997.5,995,950,995,1000,1000,1000,995,995,975,995,975,975,1000,1000,1050,1050,1075,1050,1012.5,1050,975,1000,1000,1050,1000,1050,1050,1100,1100,1100,1050,1000
"Enterprise, AL",268,,,,,,,,,,,,,,,,,,,,,,,,,,,,,,,950,950,950,950,950,912.5,900,900,900,900,900,850,850,850,900,900,895,875,850,850,850,850,812.5,850,850,850,850,850,850,850,850,850,850,850,850,850,850,850,850,875,850,850,850,850,850,850,900,900,850,900,850,885,875,850,900,875,900,935,950,925,900,900
"Junction City, KS",269,,,,,,,,,,,,,,,,,,,,,,,,,,,,,,,,,,,,,,,,,,1200,1200,1200,1215,1225,1175,1135,1100,1100,1100,1100,1290,1300,1200,1200,1195,1125,1150,1095,1095,1050,1012.5,1097.5,1180,1117.5,1100,1100,1050,1100,1012.5,1050,1000,1000,1000,1025,1000,1100,997.5,1037.5,1100,1100,995,1000,975,950,975,1000,1000,1050,1000,1000
